model,seed,subject,n_drowsy,auc,pr_auc,bal_acc,f1,precision,recall,epochs,val_subs,arm
CNN,1,S1,82,0.898956768003699,0.4877830441778507,0.6289879782684082,0.3709677419354839,0.5476190476190477,0.2804878048780488,16.0,S10+S4,A_trimmed_keep_drowsy
CNN,1,S2,58,0.8046440489432702,0.1668036118336132,0.6573375178770062,0.2717391304347826,0.1984126984126984,0.4310344827586206,13.0,S5+S9,A_trimmed_keep_drowsy
CNN,1,S3,178,0.8408490055879349,0.6754490953420366,0.7478970137595385,0.5721518987341773,0.5207373271889401,0.6348314606741573,29.0,S2+S9,A_trimmed_keep_drowsy
CNN,1,S4,79,0.8789323449852794,0.4277504520478929,0.5993304738989434,0.3090909090909091,0.5483870967741935,0.2151898734177215,14.0,S9+S5,A_trimmed_keep_drowsy
CNN,1,S5,60,0.8838144726712857,0.4106851033585053,0.5876250962278675,0.282051282051282,0.6111111111111112,0.1833333333333333,13.0,S3+S6,A_trimmed_keep_drowsy
CNN,1,S6,50,0.745,0.1530466179659517,0.5397260273972603,0.136986301369863,0.217391304347826,0.1,13.0,S8+S5,A_trimmed_keep_drowsy
CNN,1,S7,238,0.8921242915770959,0.6838320513823184,0.8263936388508892,0.7323943661971831,0.7027027027027027,0.7647058823529411,18.0,S10+S3,A_trimmed_keep_drowsy
CNN,1,S8,11,0.8401390958768008,0.1158007652727495,0.4994535519125683,0.0,0.0,0.0,27.0,S9+S6,A_trimmed_keep_drowsy
CNN,1,S9,5,0.8740499457111834,0.0385475240602296,0.498371335504886,0.0,0.0,0.0,22.0,S7+S6,A_trimmed_keep_drowsy
CNN,1,S10,9,0.8663516297104084,0.1805545111210356,0.5,0.0,0.0,0.0,16.0,S6+S5,A_trimmed_keep_drowsy
CNN,2,S1,82,0.8777164489654375,0.4344754949960464,0.6388134319731823,0.3846153846153846,0.5208333333333334,0.3048780487804878,13.0,S6+S3,A_trimmed_keep_drowsy
CNN,2,S2,58,0.8044454155410774,0.1589280486494823,0.773796281582711,0.2684931506849315,0.1596091205211726,0.8448275862068966,16.0,S9+S6,A_trimmed_keep_drowsy
CNN,2,S3,178,0.8431397584570088,0.6766925139254717,0.7476566724749144,0.5357873210633947,0.4212218649517685,0.7359550561797753,22.0,S2+S1,A_trimmed_keep_drowsy
CNN,2,S4,79,0.9035165065084512,0.4642120349176751,0.7467681915322881,0.5212121212121212,0.5,0.5443037974683544,26.0,S10+S7,A_trimmed_keep_drowsy
CNN,2,S5,60,0.8943033102386451,0.4366679730542232,0.5083333333333333,0.0327868852459016,1.0,0.0166666666666666,10.0,S9+S10,A_trimmed_keep_drowsy
CNN,2,S6,50,0.7577853881278539,0.152075692894408,0.5848858447488584,0.2095238095238095,0.2,0.22,18.0,S7+S4,A_trimmed_keep_drowsy
CNN,2,S7,238,0.9207177056869256,0.764233604572164,0.8621873167871801,0.7764705882352941,0.7279411764705882,0.8319327731092437,13.0,S6+S5,A_trimmed_keep_drowsy
CNN,2,S8,11,0.7402881271733731,0.0574557410808035,0.4989071038251366,0.0,0.0,0.0,16.0,S2+S7,A_trimmed_keep_drowsy
CNN,2,S9,5,0.8310532030401738,0.0460136660096563,0.498914223669924,0.0,0.0,0.0,37.0,S7+S6,A_trimmed_keep_drowsy
CNN,2,S10,9,0.9430510117533016,0.1728406220956825,0.5,0.0,0.0,0.0,13.0,S8+S3,A_trimmed_keep_drowsy
CNN,3,S1,82,0.9037105536932148,0.5115530819357109,0.706652410125997,0.4900662251655629,0.5362318840579711,0.4512195121951219,14.0,S8+S4,A_trimmed_keep_drowsy
CNN,3,S2,58,0.7992213570634038,0.1765669869110447,0.6676664547910377,0.2727272727272727,0.1928571428571428,0.4655172413793103,32.0,S1+S8,A_trimmed_keep_drowsy
CNN,3,S3,178,0.8025521240161029,0.6283125103278451,0.723404734723307,0.5621301775147929,0.59375,0.5337078651685393,27.0,S5+S7,A_trimmed_keep_drowsy
CNN,3,S4,79,0.8856724403329697,0.4280889262533715,0.5902141586836639,0.2941176470588235,0.6521739130434783,0.189873417721519,12.0,S1+S7,A_trimmed_keep_drowsy
CNN,3,S5,60,0.8764626635873749,0.4081608581476527,0.5655119322555813,0.2285714285714285,0.8,0.1333333333333333,14.0,S4+S9,A_trimmed_keep_drowsy
CNN,3,S6,50,0.7481963470319635,0.204275580240943,0.5823059360730594,0.2197802197802197,0.2439024390243902,0.2,14.0,S7+S3,A_trimmed_keep_drowsy
CNN,3,S7,238,0.915996922024624,0.7431335126012716,0.8371360171975768,0.7510204081632653,0.7301587301587301,0.773109243697479,13.0,S10+S1,A_trimmed_keep_drowsy
CNN,3,S8,11,0.7449577744659712,0.0840255381237184,0.5,0.0,0.0,0.0,19.0,S4+S7,A_trimmed_keep_drowsy
CNN,3,S9,5,0.8684039087947882,0.0286754982390475,0.5,0.0,0.0,0.0,12.0,S7+S5,A_trimmed_keep_drowsy
CNN,3,S10,9,0.8571428571428571,0.2301175400150302,0.5,0.0,0.0,0.0,27.0,S2+S8,A_trimmed_keep_drowsy
CNN,4,S1,82,0.8802017107848804,0.4173410328975817,0.5,0.0,0.0,0.0,9.0,S5+S6,A_trimmed_keep_drowsy
CNN,4,S2,58,0.8047632289845861,0.1839821846594009,0.6952566343556332,0.303030303030303,0.2142857142857142,0.5172413793103449,16.0,S10+S5,A_trimmed_keep_drowsy
CNN,4,S3,178,0.7850973382202727,0.6201457007081466,0.6595791023253019,0.4813278008298755,0.9206349206349206,0.3258426966292135,9.0,S7+S9,A_trimmed_keep_drowsy
CNN,4,S4,79,0.8713254524531854,0.4326921237899335,0.5476813175317203,0.1739130434782608,0.6153846153846154,0.1012658227848101,14.0,S5+S9,A_trimmed_keep_drowsy
CNN,4,S5,60,0.887933025404157,0.420217892892323,0.5643571978444958,0.2222222222222222,0.6666666666666666,0.1333333333333333,14.0,S4+S9,A_trimmed_keep_drowsy
CNN,4,S6,50,0.7492237442922374,0.1135301136023522,0.4977168949771689,0.0,0.0,0.0,9.0,S9+S10,A_trimmed_keep_drowsy
CNN,4,S7,238,0.9272889388313464,0.7905049536726241,0.8777787277701778,0.7992125984251969,0.7518518518518519,0.8529411764705882,16.0,S4+S6,A_trimmed_keep_drowsy
CNN,4,S8,11,0.7924490809736711,0.0628919430801764,0.4989071038251366,0.0,0.0,0.0,17.0,S2+S7,A_trimmed_keep_drowsy
CNN,4,S9,5,0.753528773072747,0.0637569269754802,0.498371335504886,0.0,0.0,0.0,18.0,S1+S4,A_trimmed_keep_drowsy
CNN,4,S10,9,0.8461165636738156,0.2311217556212013,0.5,0.0,0.0,0.0,21.0,S3+S2,A_trimmed_keep_drowsy
CNN,42,S1,82,0.8665327707779448,0.3541924910131163,0.711911917697376,0.4545454545454545,0.425531914893617,0.4878048780487805,15.0,S9+S3,A_trimmed_keep_drowsy
CNN,42,S2,58,0.7945534721118703,0.1459231064361754,0.7359168917845225,0.2633228840125391,0.160919540229885,0.7241379310344828,11.0,S1+S3,A_trimmed_keep_drowsy
CNN,42,S3,178,0.8322042300066094,0.6191435727678889,0.7171183079973562,0.5519287833827893,0.5849056603773585,0.5224719101123596,32.0,S10+S4,A_trimmed_keep_drowsy
CNN,42,S4,79,0.8793358540193983,0.4420936452717658,0.7026287866333896,0.4794520547945205,0.5223880597014925,0.4430379746835443,15.0,S2+S9,A_trimmed_keep_drowsy
CNN,42,S5,60,0.8917821401077751,0.4377164005285731,0.6272324865280985,0.3333333333333333,0.4047619047619047,0.2833333333333333,13.0,S2+S7,A_trimmed_keep_drowsy
CNN,42,S6,50,0.6648858447488585,0.1981995546043077,0.5974429223744292,0.2650602409638554,0.3333333333333333,0.22,16.0,S9+S3,A_trimmed_keep_drowsy
CNN,42,S7,238,0.9277775063513778,0.7960710225346517,0.8595979089310143,0.7791164658634538,0.7461538461538462,0.8151260504201681,26.0,S1+S6,A_trimmed_keep_drowsy
CNN,42,S8,11,0.7274714356681571,0.1617813970808846,0.4989071038251366,0.0,0.0,0.0,17.0,S10+S6,A_trimmed_keep_drowsy
CNN,42,S9,5,0.8592833876221498,0.0297730820618373,0.499457111834962,0.0,0.0,0.0,16.0,S3+S1,A_trimmed_keep_drowsy
CNN,42,S10,9,0.9538349691021446,0.2439951459395904,0.5,0.0,0.0,0.0,16.0,S3+S1,A_trimmed_keep_drowsy
CNN-BiLSTM,1,S1,82,0.8781065772743035,0.4053160829242995,0.8012801988209455,0.4780876494023904,0.3550295857988165,0.7317073170731707,28.0,S10+S4,A_trimmed_keep_drowsy
CNN-BiLSTM,1,S2,58,0.8598442714126808,0.2842653402467657,0.7627125377403464,0.2258064516129032,0.1278538812785388,0.9655172413793104,17.0,S5+S9,A_trimmed_keep_drowsy
CNN-BiLSTM,1,S3,178,0.8900363516192994,0.7564192820971704,0.8205401670371928,0.6375545851528385,0.5214285714285715,0.8202247191011236,32.0,S2+S9,A_trimmed_keep_drowsy
CNN-BiLSTM,1,S4,79,0.9157413357643508,0.5639835547440551,0.7926785527475977,0.56353591160221,0.5,0.6455696202531646,18.0,S9+S5,A_trimmed_keep_drowsy
CNN-BiLSTM,1,S5,60,0.9149730561970746,0.4668769858590419,0.7636258660508083,0.4528301886792453,0.3636363636363636,0.6,42.0,S3+S6,A_trimmed_keep_drowsy
CNN-BiLSTM,1,S6,50,0.7766438356164382,0.3103794941571698,0.6326027397260274,0.2807017543859649,0.25,0.32,16.0,S8+S5,A_trimmed_keep_drowsy
CNN-BiLSTM,1,S7,238,0.9358999413718976,0.8394992422139379,0.8765634160641,0.8032128514056225,0.7692307692307693,0.8403361344537815,45.0,S10+S3,A_trimmed_keep_drowsy
CNN-BiLSTM,1,S8,11,0.6069547938400397,0.1354098781639348,0.5865375062096374,0.1904761904761904,0.2,0.1818181818181818,24.0,S9+S6,A_trimmed_keep_drowsy
CNN-BiLSTM,1,S9,5,0.6314875135722041,0.0136074053936931,0.495114006514658,0.0,0.0,0.0,35.0,S7+S6,A_trimmed_keep_drowsy
CNN-BiLSTM,1,S10,9,0.7811704834605598,0.2591376911661009,0.5,0.0,0.0,0.0,24.0,S6+S5,A_trimmed_keep_drowsy
CNN-BiLSTM,2,S1,82,0.8830193041266906,0.4927023955943704,0.798390359496012,0.5135135135135135,0.4071428571428571,0.6951219512195121,33.0,S6+S3,A_trimmed_keep_drowsy
CNN-BiLSTM,2,S2,58,0.884613856666137,0.3323908215667425,0.7979699666295884,0.2949852507374631,0.1779359430604982,0.8620689655172413,18.0,S9+S6,A_trimmed_keep_drowsy
CNN-BiLSTM,2,S3,178,0.7956197800877245,0.5766913861575664,0.6502208135552485,0.4549019607843137,0.7532467532467533,0.3258426966292135,10.0,S2+S1,A_trimmed_keep_drowsy
CNN-BiLSTM,2,S4,79,0.90371078863599,0.6082607361904783,0.7350290675952356,0.5652173913043478,0.6610169491525424,0.4936708860759494,29.0,S10+S7,A_trimmed_keep_drowsy
CNN-BiLSTM,2,S5,60,0.8968052347959969,0.5071891372403083,0.7863933795227098,0.5481481481481482,0.4933333333333333,0.6166666666666667,16.0,S9+S10,A_trimmed_keep_drowsy
CNN-BiLSTM,2,S6,50,0.7408675799086758,0.2461545770567077,0.6546118721461187,0.2900763358778626,0.2345679012345679,0.38,25.0,S7+S4,A_trimmed_keep_drowsy
CNN-BiLSTM,2,S7,238,0.9539586183310534,0.8777312467133677,0.8686364080515927,0.8085106382978723,0.8189655172413793,0.7983193277310925,28.0,S6+S5,A_trimmed_keep_drowsy
CNN-BiLSTM,2,S8,11,0.8313959264778937,0.1438786281515677,0.5767014406358668,0.1025641025641025,0.0714285714285714,0.1818181818181818,29.0,S2+S7,A_trimmed_keep_drowsy
CNN-BiLSTM,2,S9,5,0.4525515743756786,0.0059082541708393,0.497828447339848,0.0,0.0,0.0,30.0,S7+S6,A_trimmed_keep_drowsy
CNN-BiLSTM,2,S10,9,0.8686538228522961,0.3430515284024056,0.5555555555555556,0.2,1.0,0.1111111111111111,28.0,S8+S3,A_trimmed_keep_drowsy
CNN-BiLSTM,3,S1,82,0.904216275575078,0.5567386102925794,0.806265171656456,0.5272727272727272,0.4202898550724637,0.7073170731707317,27.0,S8+S4,A_trimmed_keep_drowsy
CNN-BiLSTM,3,S2,58,0.8341411091689178,0.2137835529786902,0.7400087398696965,0.2954545454545454,0.1893203883495145,0.6724137931034483,10.0,S1+S8,A_trimmed_keep_drowsy
CNN-BiLSTM,3,S3,178,0.8744442107793066,0.7366959545314232,0.8149146788439584,0.6465116279069767,0.5515873015873016,0.7808988764044944,28.0,S5+S7,A_trimmed_keep_drowsy
CNN-BiLSTM,3,S4,79,0.8956555527326528,0.5674464672673779,0.7735268184059898,0.5157894736842106,0.4414414414414414,0.620253164556962,31.0,S1+S7,A_trimmed_keep_drowsy
CNN-BiLSTM,3,S5,60,0.6602578906851424,0.2780149699101699,0.5721131639722864,0.2432432432432432,0.6428571428571429,0.15,24.0,S4+S9,A_trimmed_keep_drowsy
CNN-BiLSTM,3,S6,50,0.7678310502283106,0.3162588551629389,0.6891780821917808,0.3492063492063492,0.2894736842105263,0.44,29.0,S7+S3,A_trimmed_keep_drowsy
CNN-BiLSTM,3,S7,238,0.7114703439515341,0.534172515069999,0.5614923294899355,0.2262773722627737,0.8611111111111112,0.1302521008403361,10.0,S10+S1,A_trimmed_keep_drowsy
CNN-BiLSTM,3,S8,11,0.7313462493790363,0.2431552557156927,0.5898161947342275,0.2666666666666666,0.5,0.1818181818181818,17.0,S4+S7,A_trimmed_keep_drowsy
CNN-BiLSTM,3,S9,5,0.6199782844733985,0.0163074068712207,0.498371335504886,0.0,0.0,0.0,34.0,S7+S5,A_trimmed_keep_drowsy
CNN-BiLSTM,3,S10,9,0.8835574942445171,0.2181931956660357,0.4983642311886587,0.0,0.0,0.0,23.0,S2+S8,A_trimmed_keep_drowsy
CNN-BiLSTM,4,S1,82,0.8755346202751126,0.4249108572313841,0.7890417292798519,0.3756906077348066,0.2428571428571428,0.8292682926829268,20.0,S5+S6,A_trimmed_keep_drowsy
CNN-BiLSTM,4,S2,58,0.9005839822024472,0.4780400086283369,0.8030748450659463,0.2741116751269035,0.1607142857142857,0.9310344827586208,27.0,S10+S5,A_trimmed_keep_drowsy
CNN-BiLSTM,4,S3,178,0.878019287388091,0.7708072910952606,0.8247912035089828,0.7150837988826816,0.7111111111111111,0.7191011235955056,35.0,S7+S9,A_trimmed_keep_drowsy
CNN-BiLSTM,4,S4,79,0.871953133172926,0.5988081312083176,0.768542734595669,0.5371428571428571,0.4895833333333333,0.5949367088607594,17.0,S5+S9,A_trimmed_keep_drowsy
CNN-BiLSTM,4,S5,60,0.8560431100846806,0.408573341423427,0.7274826789838338,0.4651162790697674,0.4347826086956521,0.5,16.0,S4+S9,A_trimmed_keep_drowsy
CNN-BiLSTM,4,S6,50,0.7690182648401828,0.2667582464290747,0.6294520547945205,0.297029702970297,0.2941176470588235,0.3,17.0,S9+S10,A_trimmed_keep_drowsy
CNN-BiLSTM,4,S7,238,0.9472774574946256,0.8754716874730798,0.8951534102012899,0.8145315487571702,0.7473684210526316,0.8949579831932774,30.0,S4+S6,A_trimmed_keep_drowsy
CNN-BiLSTM,4,S8,11,0.7204172876304024,0.0676730427958631,0.5788872329855936,0.1142857142857142,0.0833333333333333,0.1818181818181818,33.0,S2+S7,A_trimmed_keep_drowsy
CNN-BiLSTM,4,S9,5,0.6280130293159609,0.0104603597109576,0.4923995656894679,0.0,0.0,0.0,31.0,S1+S4,A_trimmed_keep_drowsy
CNN-BiLSTM,4,S10,9,0.8370289591663638,0.293757542003156,0.7129528656246213,0.2666666666666666,0.1904761904761904,0.4444444444444444,20.0,S3+S2,A_trimmed_keep_drowsy
CNN-BiLSTM,42,S1,82,0.906470350248526,0.5078252016684749,0.7991561669171194,0.5,0.3866666666666666,0.7073170731707317,44.0,S9+S3,A_trimmed_keep_drowsy
CNN-BiLSTM,42,S2,58,0.8591490545050056,0.2767775033116774,0.7749483553154298,0.2699724517906336,0.160655737704918,0.8448275862068966,28.0,S1+S3,A_trimmed_keep_drowsy
CNN-BiLSTM,42,S3,178,0.9335080814756956,0.8108216156227164,0.8507630835786817,0.6846846846846847,0.5714285714285714,0.8539325842696629,27.0,S10+S4,A_trimmed_keep_drowsy
CNN-BiLSTM,42,S4,79,0.6766622330488843,0.2026994487125027,0.5281036569874314,0.1111111111111111,0.4545454545454545,0.0632911392405063,9.0,S2+S9,A_trimmed_keep_drowsy
CNN-BiLSTM,42,S5,60,0.9009815242494228,0.5002901587575278,0.7736913010007698,0.4713375796178344,0.3814432989690721,0.6166666666666667,22.0,S2+S7,A_trimmed_keep_drowsy
CNN-BiLSTM,42,S6,50,0.7807077625570775,0.3106931067103471,0.6837671232876712,0.2987012987012987,0.2211538461538461,0.46,27.0,S9+S3,A_trimmed_keep_drowsy
CNN-BiLSTM,42,S7,238,0.9417138948602696,0.8620830588176152,0.8881485733828416,0.7715736040609137,0.6458923512747875,0.957983193277311,18.0,S1+S6,A_trimmed_keep_drowsy
CNN-BiLSTM,42,S8,11,0.790561351217089,0.1287069364758428,0.5843517138599106,0.16,0.1428571428571428,0.1818181818181818,19.0,S10+S6,A_trimmed_keep_drowsy
CNN-BiLSTM,42,S9,5,0.8445168295331162,0.0202025000208239,0.4891422366992399,0.0,0.0,0.0,22.0,S3+S1,A_trimmed_keep_drowsy
CNN-BiLSTM,42,S10,9,0.8634435962680237,0.2642800095226,0.7189506845995395,0.4210526315789473,0.4,0.4444444444444444,26.0,S3+S1,A_trimmed_keep_drowsy
EEGNet,1,S1,82,0.9116142642469078,0.59074170123376,0.8652178938851,0.546875,0.4022988505747126,0.8536585365853658,26.0,S10+S4,A_trimmed_keep_drowsy
EEGNet,1,S2,58,0.8528325123152709,0.2189551457852241,0.772028444303194,0.255,0.1491228070175438,0.8793103448275862,11.0,S5+S9,A_trimmed_keep_drowsy
EEGNet,1,S3,178,0.9098231989424984,0.7814233463177449,0.7785855915399869,0.5364238410596026,0.380281690140845,0.9101123595505618,49.0,S2+S9,A_trimmed_keep_drowsy
EEGNet,1,S4,79,0.9180577765157742,0.574134903046022,0.6833799112280126,0.5,0.7317073170731707,0.379746835443038,11.0,S9+S5,A_trimmed_keep_drowsy
EEGNet,1,S5,60,0.8781177829099308,0.4953271782510828,0.785161662817552,0.4642857142857143,0.3611111111111111,0.65,45.0,S3+S6,A_trimmed_keep_drowsy
EEGNet,1,S6,50,0.8062557077625571,0.2239422584246402,0.6323059360730594,0.3125,0.3260869565217391,0.3,15.0,S8+S5,A_trimmed_keep_drowsy
EEGNet,1,S7,238,0.9389168458080908,0.8133115271384305,0.9033185948798124,0.8163265306122449,0.7308970099667774,0.9243697478991596,33.0,S10+S3,A_trimmed_keep_drowsy
EEGNet,1,S8,11,0.8405365126676603,0.1671864240553558,0.4989071038251366,0.0,0.0,0.0,33.0,S9+S6,A_trimmed_keep_drowsy
EEGNet,1,S9,5,0.9094462540716612,0.0351641762634434,0.498914223669924,0.0,0.0,0.0,17.0,S7+S6,A_trimmed_keep_drowsy
EEGNet,1,S10,9,0.9148188537501514,0.406415977917877,0.5,0.0,0.0,0.0,14.0,S6+S5,A_trimmed_keep_drowsy
EEGNet,2,S1,82,0.8881776673216969,0.5421616121977774,0.8354958964281587,0.5057471264367817,0.3687150837988827,0.8048780487804879,24.0,S6+S3,A_trimmed_keep_drowsy
EEGNet,2,S2,58,0.8590100111234706,0.2758458511098515,0.7950699189575718,0.2833333333333333,0.1688741721854304,0.8793103448275862,20.0,S9+S6,A_trimmed_keep_drowsy
EEGNet,2,S3,178,0.9051177672294658,0.7689198344404052,0.744367001141621,0.4911242603550296,0.3333333333333333,0.9325842696629212,32.0,S2+S1,A_trimmed_keep_drowsy
EEGNet,2,S4,79,0.9240805224694753,0.5794753193241178,0.7734296773422205,0.5935483870967742,0.6052631578947368,0.5822784810126582,18.0,S10+S7,A_trimmed_keep_drowsy
EEGNet,2,S5,60,0.9036759045419552,0.5468581409020375,0.774345650500385,0.56,0.5384615384615384,0.5833333333333334,18.0,S9+S10,A_trimmed_keep_drowsy
EEGNet,2,S6,50,0.8241552511415525,0.1953969790606955,0.5988812785388128,0.2424242424242424,0.2448979591836734,0.24,27.0,S7+S4,A_trimmed_keep_drowsy
EEGNet,2,S7,238,0.9501783271448117,0.8470920339373014,0.9091325483681844,0.8286252354048964,0.7508532423208191,0.9243697478991596,26.0,S6+S5,A_trimmed_keep_drowsy
EEGNet,2,S8,11,0.7723795330352707,0.1108415549773885,0.5876304023845007,0.2105263157894736,0.25,0.1818181818181818,23.0,S2+S7,A_trimmed_keep_drowsy
EEGNet,2,S9,5,0.8562432138979371,0.0334182871861181,0.499457111834962,0.0,0.0,0.0,22.0,S7+S6,A_trimmed_keep_drowsy
EEGNet,2,S10,9,0.8874348721676966,0.3758395707473494,0.6105658548406641,0.3333333333333333,0.6666666666666666,0.2222222222222222,30.0,S8+S3,A_trimmed_keep_drowsy
EEGNet,3,S1,82,0.907828574731245,0.5607567077711645,0.8439631256502138,0.5193798449612403,0.3806818181818182,0.8170731707317073,50.0,S8+S4,A_trimmed_keep_drowsy
EEGNet,3,S2,58,0.863955982838074,0.253104752040065,0.7638646114730654,0.2267206477732793,0.128440366972477,0.9655172413793104,21.0,S1+S8,A_trimmed_keep_drowsy
EEGNet,3,S3,178,0.9182839632277834,0.7829942459972582,0.8379198461815778,0.6759259259259259,0.5748031496062992,0.8202247191011236,15.0,S5+S7,A_trimmed_keep_drowsy
EEGNet,3,S4,79,0.9364846890738722,0.5982825681408798,0.7906460627979615,0.6086956521739131,0.5975609756097561,0.620253164556962,17.0,S1+S7,A_trimmed_keep_drowsy
EEGNet,3,S5,60,0.8800038491147036,0.5109517740425357,0.7547921478060047,0.515625,0.4852941176470588,0.55,34.0,S4+S9,A_trimmed_keep_drowsy
EEGNet,3,S6,50,0.8222602739726028,0.2894554840825784,0.6605936073059361,0.3529411764705882,0.3461538461538461,0.36,28.0,S7+S3,A_trimmed_keep_drowsy
EEGNet,3,S7,238,0.9386359194840728,0.8161830696507227,0.890078415086965,0.7858407079646018,0.6788990825688074,0.9327731092436976,14.0,S10+S1,A_trimmed_keep_drowsy
EEGNet,3,S8,11,0.8335817188276204,0.1599374071513471,0.5432687531048187,0.125,0.2,0.0909090909090909,28.0,S4+S7,A_trimmed_keep_drowsy
EEGNet,3,S9,5,0.8612377850162867,0.029529077393337,0.498371335504886,0.0,0.0,0.0,22.0,S7+S5,A_trimmed_keep_drowsy
EEGNet,3,S10,9,0.8989458378771356,0.2418743277849807,0.6089300860293226,0.2666666666666666,0.3333333333333333,0.2222222222222222,44.0,S2+S8,A_trimmed_keep_drowsy
EEGNet,4,S1,82,0.9082476014333604,0.5769379267073231,0.8526759912148885,0.5689655172413793,0.44,0.8048780487804879,13.0,S5+S6,A_trimmed_keep_drowsy
EEGNet,4,S2,58,0.8467344668679485,0.2551191536797214,0.7517678372795169,0.2174757281553398,0.1225382932166301,0.9655172413793104,14.0,S10+S5,A_trimmed_keep_drowsy
EEGNet,4,S3,178,0.9127110496905604,0.7802284767952646,0.8450174247431352,0.6652267818574514,0.5403508771929825,0.8651685393258427,14.0,S7+S9,A_trimmed_keep_drowsy
EEGNet,4,S4,79,0.9273235395214684,0.5727374093604476,0.6982350215952058,0.5076923076923077,0.6470588235294118,0.4177215189873418,13.0,S5+S9,A_trimmed_keep_drowsy
EEGNet,4,S5,60,0.9086220169361048,0.5428387146418542,0.7315242494226328,0.4918032786885246,0.4838709677419355,0.5,22.0,S4+S9,A_trimmed_keep_drowsy
EEGNet,4,S6,50,0.8109132420091325,0.2339598414433774,0.6340182648401826,0.3225806451612903,0.3488372093023256,0.3,14.0,S9+S10,A_trimmed_keep_drowsy
EEGNet,4,S7,238,0.948578268516709,0.8580594139049119,0.8833545045925347,0.8046875,0.7518248175182481,0.865546218487395,16.0,S4+S6,A_trimmed_keep_drowsy
EEGNet,4,S8,11,0.8330849478390462,0.1106276410162066,0.585444610034774,0.1739130434782608,0.1666666666666666,0.1818181818181818,20.0,S2+S7,A_trimmed_keep_drowsy
EEGNet,4,S9,5,0.7326818675352877,0.017176901384077,0.498914223669924,0.0,0.0,0.0,30.0,S1+S4,A_trimmed_keep_drowsy
EEGNet,4,S10,9,0.9280261723009816,0.4250958762427186,0.7189506845995395,0.4210526315789473,0.4,0.4444444444444444,19.0,S3+S2,A_trimmed_keep_drowsy
EEGNet,42,S1,82,0.9207172581204484,0.6002568381623283,0.847864408738874,0.5036496350364964,0.359375,0.8414634146341463,49.0,S9+S3,A_trimmed_keep_drowsy
EEGNet,42,S2,58,0.8728746225965358,0.2798789031042383,0.6492134117273161,0.1607898448519041,0.0875576036866359,0.9827586206896552,27.0,S1+S3,A_trimmed_keep_drowsy
EEGNet,42,S3,178,0.8957744997897014,0.7680796418790088,0.8074040136994532,0.6871508379888268,0.6833333333333333,0.6910112359550562,15.0,S10+S4,A_trimmed_keep_drowsy
EEGNet,42,S4,79,0.9171162554361636,0.5756159263192121,0.8102237233422503,0.6380368098159509,0.6190476190476191,0.6582278481012658,36.0,S2+S9,A_trimmed_keep_drowsy
EEGNet,42,S5,60,0.9256928406466514,0.5751327321890654,0.8495188606620477,0.5222222222222223,0.3916666666666666,0.7833333333333333,17.0,S2+S7,A_trimmed_keep_drowsy
EEGNet,42,S6,50,0.8345662100456621,0.2963961696736236,0.6257305936073059,0.3146067415730337,0.358974358974359,0.28,44.0,S9+S3,A_trimmed_keep_drowsy
EEGNet,42,S7,238,0.9412986124682432,0.8308842581851047,0.8926433945671292,0.8205128205128205,0.7732342007434945,0.8739495798319328,11.0,S1+S6,A_trimmed_keep_drowsy
EEGNet,42,S8,11,0.826428216592151,0.1494979523260381,0.4989071038251366,0.0,0.0,0.0,49.0,S10+S6,A_trimmed_keep_drowsy
EEGNet,42,S9,5,0.9022801302931596,0.0318423351843338,0.498371335504886,0.0,0.0,0.0,35.0,S3+S1,A_trimmed_keep_drowsy
EEGNet,42,S10,9,0.8925239306918696,0.2652809525355398,0.5,0.0,0.0,0.0,25.0,S3+S1,A_trimmed_keep_drowsy
ShallowConvNet,1,S1,82,0.9138105421338574,0.5978203861674364,0.8613455091896891,0.4702194357366771,0.3164556962025316,0.9146341463414634,28.0,S10+S4,A_trimmed_keep_drowsy
ShallowConvNet,1,S2,58,0.8374384236453202,0.2459952683606409,0.7143055776259335,0.1912751677852349,0.1059479553903345,0.9827586206896552,17.0,S5+S9,A_trimmed_keep_drowsy
ShallowConvNet,1,S3,178,0.8647629634080394,0.7127322337278255,0.7053265637204831,0.4530386740331492,0.3003663003663003,0.9213483146067416,29.0,S2+S9,A_trimmed_keep_drowsy
ShallowConvNet,1,S4,79,0.8813982335271172,0.5551768620840537,0.6495374590886673,0.4485981308411215,0.8571428571428571,0.3037974683544304,9.0,S9+S5,A_trimmed_keep_drowsy
ShallowConvNet,1,S5,60,0.8604118552732871,0.3985272589998173,0.7595842956120092,0.4337349397590361,0.3396226415094339,0.6,30.0,S3+S6,A_trimmed_keep_drowsy
ShallowConvNet,1,S6,50,0.7745662100456622,0.2382754149199586,0.6906164383561644,0.323943661971831,0.25,0.46,9.0,S8+S5,A_trimmed_keep_drowsy
ShallowConvNet,1,S7,238,0.9265194449872972,0.8025223299721254,0.8509930134844637,0.7201309328968903,0.5898123324396782,0.9243697478991596,49.0,S10+S3,A_trimmed_keep_drowsy
ShallowConvNet,1,S8,11,0.7869846000993541,0.1122840994340451,0.5405365126676602,0.0952380952380952,0.1,0.0909090909090909,11.0,S9+S6,A_trimmed_keep_drowsy
ShallowConvNet,1,S9,5,0.7411509229098806,0.0135000430567248,0.4902280130293159,0.0,0.0,0.0,10.0,S7+S6,A_trimmed_keep_drowsy
ShallowConvNet,1,S10,9,0.8366654549860657,0.3935573555169799,0.663395129043984,0.3333333333333333,0.3333333333333333,0.3333333333333333,23.0,S6+S5,A_trimmed_keep_drowsy
ShallowConvNet,2,S1,82,0.8614177551728123,0.4794671820673278,0.7666021269217431,0.3551912568306011,0.2288732394366197,0.7926829268292683,9.0,S6+S3,A_trimmed_keep_drowsy
ShallowConvNet,2,S2,58,0.8426426187827745,0.4330626412214982,0.7881773399014778,0.2808988764044944,0.1677852348993288,0.8620689655172413,29.0,S9+S6,A_trimmed_keep_drowsy
ShallowConvNet,2,S3,178,0.8695322357748002,0.7196168167963258,0.582482124616956,0.3626943005181347,0.2223634053367217,0.9831460674157304,20.0,S2+S1,A_trimmed_keep_drowsy
ShallowConvNet,2,S4,79,0.8673949755652862,0.5678062686565474,0.7974982439884626,0.5192307692307693,0.4186046511627907,0.6835443037974683,12.0,S10+S7,A_trimmed_keep_drowsy
ShallowConvNet,2,S5,60,0.8770592763664358,0.4166097636065013,0.8223826020015397,0.4140969162995594,0.281437125748503,0.7833333333333333,9.0,S9+S10,A_trimmed_keep_drowsy
ShallowConvNet,2,S6,50,0.7104566210045662,0.1599495242773195,0.602876712328767,0.2608695652173913,0.2857142857142857,0.24,17.0,S7+S4,A_trimmed_keep_drowsy
ShallowConvNet,2,S7,238,0.9244247117451632,0.8289379999409834,0.8239446941567325,0.676829268292683,0.5311004784688995,0.9327731092436976,9.0,S6+S5,A_trimmed_keep_drowsy
ShallowConvNet,2,S8,11,0.8608047690014904,0.0690768339670458,0.5356184798807749,0.0666666666666666,0.0526315789473684,0.0909090909090909,23.0,S2+S7,A_trimmed_keep_drowsy
ShallowConvNet,2,S9,5,0.8293159609120522,0.0208425385099472,0.4815418023887079,0.0,0.0,0.0,12.0,S7+S6,A_trimmed_keep_drowsy
ShallowConvNet,2,S10,9,0.821882951653944,0.2534715671516285,0.6089300860293226,0.2666666666666666,0.3333333333333333,0.2222222222222222,26.0,S8+S3,A_trimmed_keep_drowsy
ShallowConvNet,3,S1,82,0.902959195468732,0.6112931846408918,0.7991417177204947,0.3537735849056603,0.219298245614035,0.9146341463414634,11.0,S8+S4,A_trimmed_keep_drowsy
ShallowConvNet,3,S2,58,0.8575798506276815,0.3155621067173568,0.6584300015890672,0.1645021645021645,0.089763779527559,0.9827586206896552,13.0,S1+S8,A_trimmed_keep_drowsy
ShallowConvNet,3,S3,178,0.8469626870155621,0.683169005094241,0.7391245568707565,0.5025641025641026,0.3611793611793611,0.8258426966292135,33.0,S5+S7,A_trimmed_keep_drowsy
ShallowConvNet,3,S4,79,0.9268004722550176,0.6366145075931806,0.8269469310896238,0.5658536585365853,0.4603174603174603,0.7341772151898734,17.0,S1+S7,A_trimmed_keep_drowsy
ShallowConvNet,3,S5,60,0.8642994611239415,0.4759797184078386,0.7384526558891455,0.5454545454545454,0.6,0.5,16.0,S4+S9,A_trimmed_keep_drowsy
ShallowConvNet,3,S6,50,0.7829223744292237,0.2580505583120748,0.6765981735159817,0.3603603603603603,0.3278688524590163,0.4,20.0,S7+S3,A_trimmed_keep_drowsy
ShallowConvNet,3,S7,238,0.9334509966777408,0.8266334441005223,0.8847286007426227,0.8054474708171206,0.75,0.8697478991596639,16.0,S10+S1,A_trimmed_keep_drowsy
ShallowConvNet,3,S8,11,0.8598112270243418,0.2271454419072848,0.6308991554893194,0.25,0.2307692307692307,0.2727272727272727,12.0,S4+S7,A_trimmed_keep_drowsy
ShallowConvNet,3,S9,5,0.7187839305103149,0.0507605409486394,0.5858849077090119,0.0625,0.037037037037037,0.2,42.0,S7+S5,A_trimmed_keep_drowsy
ShallowConvNet,3,S10,9,0.813764691627287,0.1564230957989723,0.6083848297588755,0.25,0.2857142857142857,0.2222222222222222,9.0,S2+S8,A_trimmed_keep_drowsy
ShallowConvNet,4,S1,82,0.9176540284360188,0.6553455634283871,0.8133597271991677,0.375,0.2358490566037736,0.9146341463414634,10.0,S5+S6,A_trimmed_keep_drowsy
ShallowConvNet,4,S2,58,0.8560503734307962,0.2462904323530062,0.7477157158747815,0.2118959107806691,0.11875,0.9827586206896552,11.0,S10+S5,A_trimmed_keep_drowsy
ShallowConvNet,4,S3,178,0.8456708526107072,0.6620081332111281,0.7511566424322538,0.5185185185185185,0.377892030848329,0.8258426966292135,33.0,S7+S9,A_trimmed_keep_drowsy
ShallowConvNet,4,S4,79,0.902664654103089,0.6027773678399373,0.7924170191143725,0.620253164556962,0.620253164556962,0.620253164556962,9.0,S5+S9,A_trimmed_keep_drowsy
ShallowConvNet,4,S5,60,0.8490954580446498,0.4164627727563184,0.7162625096227868,0.4360902255639097,0.3972602739726027,0.4833333333333333,28.0,S4+S9,A_trimmed_keep_drowsy
ShallowConvNet,4,S6,50,0.7797945205479452,0.2534485051800437,0.7255022831050228,0.3020833333333333,0.204225352112676,0.58,15.0,S9+S10,A_trimmed_keep_drowsy
ShallowConvNet,4,S7,238,0.9475095270666406,0.8817123726013397,0.8900662008989643,0.8037735849056604,0.7294520547945206,0.8949579831932774,15.0,S4+S6,A_trimmed_keep_drowsy
ShallowConvNet,4,S8,11,0.8216592151018381,0.1125376341395033,0.6248882265275708,0.1714285714285714,0.125,0.2727272727272727,15.0,S2+S7,A_trimmed_keep_drowsy
ShallowConvNet,4,S9,5,0.6362649294245386,0.0124600055131557,0.4847991313789359,0.0,0.0,0.0,32.0,S1+S4,A_trimmed_keep_drowsy
ShallowConvNet,4,S10,9,0.8947049557736582,0.2484127414082881,0.6094753422997699,0.2857142857142857,0.4,0.2222222222222222,13.0,S3+S2,A_trimmed_keep_drowsy
ShallowConvNet,42,S1,82,0.8901283088660271,0.5578486296251541,0.8277944746272108,0.4817518248175182,0.34375,0.8048780487804879,10.0,S9+S3,A_trimmed_keep_drowsy
ShallowConvNet,42,S2,58,0.8517003019227714,0.2497194634749497,0.6123271889400922,0.1470215462610899,0.0793433652530779,1.0,22.0,S1+S3,A_trimmed_keep_drowsy
ShallowConvNet,42,S3,178,0.8610376734963648,0.6969122624980899,0.7563690440425404,0.5270758122743683,0.3882978723404255,0.8202247191011236,30.0,S10+S4,A_trimmed_keep_drowsy
ShallowConvNet,42,S4,79,0.8950129272338707,0.6361867238335532,0.8240924782927084,0.4979591836734693,0.3674698795180723,0.7721518987341772,26.0,S2+S9,A_trimmed_keep_drowsy
ShallowConvNet,42,S5,60,0.8543879907621246,0.3911190990098753,0.8118360277136258,0.3322475570032573,0.2064777327935222,0.85,14.0,S2+S7,A_trimmed_keep_drowsy
ShallowConvNet,42,S6,50,0.7962557077625572,0.286121739850474,0.686027397260274,0.3716814159292035,0.3333333333333333,0.42,10.0,S9+S3,A_trimmed_keep_drowsy
ShallowConvNet,42,S7,238,0.9220368379910104,0.8313328941094597,0.8562390072307993,0.7315436241610739,0.6089385474860335,0.9159663865546218,10.0,S1+S6,A_trimmed_keep_drowsy
ShallowConvNet,42,S8,11,0.8137108792846497,0.1472318627927842,0.544361649279682,0.1428571428571428,0.3333333333333333,0.0909090909090909,41.0,S10+S6,A_trimmed_keep_drowsy
ShallowConvNet,42,S9,5,0.7457111834961998,0.0133127920913217,0.496742671009772,0.0,0.0,0.0,10.0,S3+S1,A_trimmed_keep_drowsy
ShallowConvNet,42,S10,9,0.8251544892766267,0.3867526692334876,0.5555555555555556,0.2,1.0,0.1111111111111111,10.0,S3+S1,A_trimmed_keep_drowsy
DeepConvNet,1,S1,82,0.9122066813085192,0.5692421581984162,0.6374552074904635,0.396694214876033,0.6153846153846154,0.2926829268292683,19.0,S10+S4,A_trimmed_keep_drowsy
DeepConvNet,1,S2,58,0.7414190370252662,0.1182853821190062,0.541256157635468,0.1358024691358024,0.1057692307692307,0.1896551724137931,9.0,S5+S9,A_trimmed_keep_drowsy
DeepConvNet,1,S3,178,0.8831115183560656,0.7677303207036503,0.7790362314486571,0.6794871794871795,0.7910447761194029,0.5955056179775281,22.0,S2+S9,A_trimmed_keep_drowsy
DeepConvNet,1,S4,79,0.9174599853541168,0.6236527864380415,0.5551910690000448,0.1978021978021978,0.75,0.1139240506329113,10.0,S9+S5,A_trimmed_keep_drowsy
DeepConvNet,1,S5,60,0.8558698999230177,0.4463802279457442,0.6246728252501924,0.3516483516483517,0.5161290322580645,0.2666666666666666,43.0,S3+S6,A_trimmed_keep_drowsy
DeepConvNet,1,S6,50,0.7524429223744292,0.2602685146019158,0.51,0.0392156862745098,1.0,0.02,9.0,S8+S5,A_trimmed_keep_drowsy
DeepConvNet,1,S7,238,0.927313367207348,0.7822628249118794,0.8124816787179988,0.7333333333333333,0.7783018867924528,0.6932773109243697,32.0,S10+S3,A_trimmed_keep_drowsy
DeepConvNet,1,S8,11,0.509090909090909,0.0961061307218911,0.5,0.0,0.0,0.0,9.0,S9+S6,A_trimmed_keep_drowsy
DeepConvNet,1,S9,5,0.7504885993485342,0.0255998455762064,0.5,0.0,0.0,0.0,19.0,S7+S6,A_trimmed_keep_drowsy
DeepConvNet,1,S10,9,0.8279413546589118,0.3430438547241561,0.5,0.0,0.0,0.0,10.0,S6+S5,A_trimmed_keep_drowsy
DeepConvNet,2,S1,82,0.8912264478095018,0.580895867645908,0.6990232343081725,0.5230769230769231,0.7083333333333334,0.4146341463414634,27.0,S6+S3,A_trimmed_keep_drowsy
DeepConvNet,2,S2,58,0.8340616558080407,0.2078447012271234,0.7572302558398221,0.2978723404255319,0.1875,0.7241379310344828,16.0,S9+S6,A_trimmed_keep_drowsy
DeepConvNet,2,S3,178,0.918854773778766,0.812809080034877,0.8347127921648742,0.665158371040724,0.5568181818181818,0.8258426966292135,54.0,S2+S1,A_trimmed_keep_drowsy
DeepConvNet,2,S4,79,0.9113625155052084,0.6364521997125085,0.7144351620761287,0.5555555555555556,0.7446808510638298,0.4430379746835443,23.0,S10+S7,A_trimmed_keep_drowsy
DeepConvNet,2,S5,60,0.7946304849884526,0.4043051291647364,0.6258275596612779,0.3595505617977528,0.5517241379310345,0.2666666666666666,19.0,S9+S10,A_trimmed_keep_drowsy
DeepConvNet,2,S6,50,0.7413013698630136,0.2182712745675167,0.5614383561643836,0.1944444444444444,0.3181818181818182,0.14,23.0,S7+S4,A_trimmed_keep_drowsy
DeepConvNet,2,S7,238,0.9516073871409028,0.8760989386649741,0.8908051592730115,0.7872340425531915,0.6809815950920245,0.9327731092436976,11.0,S6+S5,A_trimmed_keep_drowsy
DeepConvNet,2,S8,11,0.5185295578738202,0.1676667606504994,0.5454545454545454,0.1666666666666666,1.0,0.0909090909090909,14.0,S2+S7,A_trimmed_keep_drowsy
DeepConvNet,2,S9,5,0.7474484256243215,0.0242388516283799,0.5,0.0,0.0,0.0,19.0,S7+S6,A_trimmed_keep_drowsy
DeepConvNet,2,S10,9,0.8735005452562705,0.233511896826097,0.5,0.0,0.0,0.0,20.0,S8+S3,A_trimmed_keep_drowsy
DeepConvNet,3,S1,82,0.8935094208761993,0.58236451203068,0.5945988903016992,0.3106796116504854,0.7619047619047619,0.1951219512195122,10.0,S8+S4,A_trimmed_keep_drowsy
DeepConvNet,3,S2,58,0.7946130621325284,0.2290405064185986,0.7308120133481646,0.2878787878787879,0.1844660194174757,0.6551724137931034,25.0,S1+S8,A_trimmed_keep_drowsy
DeepConvNet,3,S3,178,0.8646803460914498,0.7532243929327989,0.7383659796911615,0.635036496350365,0.90625,0.4887640449438202,14.0,S5+S7,A_trimmed_keep_drowsy
DeepConvNet,3,S4,79,0.9204041068252804,0.6027022762923429,0.6546859354684441,0.4545454545454545,0.8064516129032258,0.3164556962025316,24.0,S1+S7,A_trimmed_keep_drowsy
DeepConvNet,3,S5,60,0.7664934565050038,0.3928702299006588,0.5965357967667436,0.3076923076923077,0.6666666666666666,0.2,17.0,S4+S9,A_trimmed_keep_drowsy
DeepConvNet,3,S6,50,0.7638584474885844,0.2837133371260987,0.6691552511415525,0.4137931034482758,0.4864864864864865,0.36,20.0,S7+S3,A_trimmed_keep_drowsy
DeepConvNet,3,S7,238,0.9377137482900136,0.8513732873453203,0.8957091557553254,0.8323232323232324,0.8015564202334631,0.865546218487395,14.0,S10+S1,A_trimmed_keep_drowsy
DeepConvNet,3,S8,11,0.6530551415797317,0.1481275811956831,0.5454545454545454,0.1666666666666666,1.0,0.0909090909090909,14.0,S4+S7,A_trimmed_keep_drowsy
DeepConvNet,3,S9,5,0.7991313789359392,0.0283043808043808,0.499457111834962,0.0,0.0,0.0,18.0,S7+S5,A_trimmed_keep_drowsy
DeepConvNet,3,S10,9,0.6324972737186477,0.1397987866569738,0.5,0.0,0.0,0.0,26.0,S2+S8,A_trimmed_keep_drowsy
DeepConvNet,4,S1,82,0.8772396254768234,0.5773263138383503,0.6079788463761415,0.3495145631067961,0.8571428571428571,0.2195121951219512,10.0,S5+S6,A_trimmed_keep_drowsy
DeepConvNet,4,S2,58,0.7421341172731606,0.118602561731998,0.6365604640076276,0.2142857142857142,0.1391752577319587,0.4655172413793103,9.0,S10+S5,A_trimmed_keep_drowsy
DeepConvNet,4,S3,178,0.8632758517094273,0.7259016539546695,0.7627155560896473,0.66,0.8114754098360656,0.5561797752808989,19.0,S7+S9,A_trimmed_keep_drowsy
DeepConvNet,4,S4,79,0.8586672246050843,0.5633636141792235,0.5241358181519287,0.0941176470588235,0.6666666666666666,0.050632911392405,9.0,S5+S9,A_trimmed_keep_drowsy
DeepConvNet,4,S5,60,0.7996343341031562,0.3949451010602097,0.5810238645111624,0.2702702702702703,0.7142857142857143,0.1666666666666666,27.0,S4+S9,A_trimmed_keep_drowsy
DeepConvNet,4,S6,50,0.7332648401826484,0.266008001259136,0.6314383561643836,0.3544303797468354,0.4827586206896552,0.28,14.0,S9+S10,A_trimmed_keep_drowsy
DeepConvNet,4,S7,238,0.9112578170803204,0.8219017436894988,0.7572796560484658,0.6701570680628273,0.8888888888888888,0.5378151260504201,21.0,S4+S6,A_trimmed_keep_drowsy
DeepConvNet,4,S8,11,0.5832091405861898,0.151308315627145,0.544361649279682,0.1428571428571428,0.3333333333333333,0.0909090909090909,15.0,S2+S7,A_trimmed_keep_drowsy
DeepConvNet,4,S9,5,0.8288816503800218,0.0191678508138094,0.5,0.0,0.0,0.0,18.0,S1+S4,A_trimmed_keep_drowsy
DeepConvNet,4,S10,9,0.906821761783594,0.2627418322088469,0.5555555555555556,0.2,1.0,0.1111111111111111,49.0,S3+S2,A_trimmed_keep_drowsy
DeepConvNet,42,S1,82,0.905256617732054,0.5834782244849039,0.5835886024737025,0.2828282828282828,0.8235294117647058,0.1707317073170731,13.0,S9+S3,A_trimmed_keep_drowsy
DeepConvNet,42,S2,58,0.8015453678690609,0.2151229444780096,0.7135904973780391,0.2845528455284553,0.1861702127659574,0.603448275862069,30.0,S1+S3,A_trimmed_keep_drowsy
DeepConvNet,42,S3,178,0.8717178393318512,0.7557133007875229,0.7517424743135253,0.6571428571428571,0.9019607843137256,0.5168539325842697,17.0,S10+S4,A_trimmed_keep_drowsy
DeepConvNet,42,S4,79,0.9199258738959544,0.6173229189235264,0.7189933196837685,0.5538461538461539,0.7058823529411765,0.4556962025316455,60.0,S2+S9,A_trimmed_keep_drowsy
DeepConvNet,42,S5,60,0.8688221709006929,0.4758365909164858,0.6496728252501924,0.4042553191489361,0.5588235294117647,0.3166666666666666,21.0,S2+S7,A_trimmed_keep_drowsy
DeepConvNet,42,S6,50,0.7647716894977169,0.2767616478362935,0.5725799086757991,0.2253521126760563,0.3809523809523809,0.16,13.0,S9+S3,A_trimmed_keep_drowsy
DeepConvNet,42,S7,238,0.918360367402775,0.8034228457794585,0.7521130545241352,0.6564885496183206,0.832258064516129,0.542016806722689,10.0,S1+S6,A_trimmed_keep_drowsy
DeepConvNet,42,S8,11,0.4900149031296573,0.0667446020945168,0.5,0.0,0.0,0.0,9.0,S10+S6,A_trimmed_keep_drowsy
DeepConvNet,42,S9,5,0.8484256243213898,0.0427080217148242,0.5,0.0,0.0,0.0,13.0,S3+S1,A_trimmed_keep_drowsy
DeepConvNet,42,S10,9,0.8335150854234824,0.3121617221960416,0.5,0.0,0.0,0.0,13.0,S3+S1,A_trimmed_keep_drowsy
CNN,1,S1,67,0.8917950786607503,0.4313105285905764,0.5149253731343284,0.0579710144927536,1.0,0.0298507462686567,17.0,S10+S4,B_untrimmed_proportional
CNN,1,S2,46,0.8373931427520912,0.1404205840693231,0.7072571008364739,0.2590673575129533,0.1700680272108843,0.5434782608695652,18.0,S5+S9,B_untrimmed_proportional
CNN,1,S3,163,0.8392401222553598,0.6650566837138783,0.7502423645903483,0.5974025974025974,0.6344827586206897,0.5644171779141104,23.0,S2+S9,B_untrimmed_proportional
CNN,1,S4,68,0.8733925388337153,0.3916211394564168,0.5722243442831678,0.231578947368421,0.4074074074074074,0.1617647058823529,15.0,S9+S5,B_untrimmed_proportional
CNN,1,S5,47,0.9006641900258922,0.3450571768832773,0.5558932792975346,0.1764705882352941,0.2857142857142857,0.1276595744680851,15.0,S3+S6,B_untrimmed_proportional
CNN,1,S6,38,0.789280591415646,0.0982766175424037,0.5110614586781419,0.0465116279069767,0.2,0.0263157894736842,9.0,S8+S5,B_untrimmed_proportional
CNN,1,S7,239,0.9117449310151304,0.7150331337945464,0.8538009746231254,0.75,0.6851211072664359,0.8284518828451883,26.0,S10+S3,B_untrimmed_proportional
CNN,1,S8,8,0.7851880081300813,0.0694433706110061,0.5,0.0,0.0,0.0,15.0,S9+S6,B_untrimmed_proportional
CNN,1,S9,5,0.9454913880445796,0.4919438285291944,0.6989868287740628,0.4444444444444444,0.5,0.4,25.0,S7+S6,B_untrimmed_proportional
CNN,1,S10,7,0.9369108049311096,0.2363758511250524,0.5,0.0,0.0,0.0,29.0,S6+S5,B_untrimmed_proportional
CNN,2,S1,67,0.8792254941508673,0.4223265435747234,0.6001532876159742,0.3146067415730337,0.6363636363636364,0.208955223880597,15.0,S6+S3,B_untrimmed_proportional
CNN,2,S2,46,0.8192389006342495,0.1261545712288922,0.6532080154425958,0.200956937799043,0.1288343558282208,0.4565217391304347,14.0,S9+S6,B_untrimmed_proportional
CNN,2,S3,163,0.796953976629393,0.5980778593351009,0.679223989284155,0.5194805194805194,0.8823529411764706,0.3680981595092024,10.0,S2+S1,B_untrimmed_proportional
CNN,2,S4,68,0.8717214158390628,0.3924587544368398,0.5607652151769799,0.2068965517241379,0.4736842105263157,0.1323529411764706,13.0,S10+S7,B_untrimmed_proportional
CNN,2,S5,47,0.8856017111336261,0.3285167033658822,0.5787571766295171,0.2388059701492537,0.4,0.1702127659574468,22.0,S9+S10,B_untrimmed_proportional
CNN,2,S6,38,0.7834326381992718,0.1263016720153186,0.5210746993269337,0.08,0.1666666666666666,0.0526315789473684,13.0,S7+S4,B_untrimmed_proportional
CNN,2,S7,239,0.908633249429062,0.7191152560808397,0.5391849616874205,0.1520912547528517,0.8333333333333334,0.0836820083682008,9.0,S6+S5,B_untrimmed_proportional
CNN,2,S8,8,0.7850609756097561,0.0584703120046094,0.5,0.0,0.0,0.0,22.0,S2+S7,B_untrimmed_proportional
CNN,2,S9,5,0.9612968591691996,0.4154290931223371,0.6,0.3333333333333333,1.0,0.2,13.0,S7+S6,B_untrimmed_proportional
CNN,2,S10,7,0.9582306018854242,0.3817691503478861,0.5,0.0,0.0,0.0,14.0,S8+S3,B_untrimmed_proportional
CNN,3,S1,67,0.9015086728519563,0.4463641920971083,0.5223880597014925,0.0857142857142857,1.0,0.044776119402985,12.0,S8+S4,B_untrimmed_proportional
CNN,3,S2,46,0.7937999816159573,0.1255133087047429,0.6890568986120047,0.2088353413654618,0.1280788177339901,0.5652173913043478,18.0,S1+S8,B_untrimmed_proportional
CNN,3,S3,163,0.829308724385208,0.6434335250862686,0.7377134103473029,0.6058394160583942,0.7477477477477478,0.50920245398773,27.0,S5+S7,B_untrimmed_proportional
CNN,3,S4,68,0.8900082760376877,0.3732522400056692,0.5482238349885409,0.1728395061728395,0.5384615384615384,0.1029411764705882,13.0,S1+S7,B_untrimmed_proportional
CNN,3,S5,47,0.8662613981762919,0.2696207559527331,0.5601260835303389,0.2,0.4615384615384615,0.1276595744680851,15.0,S4+S9,B_untrimmed_proportional
CNN,3,S6,38,0.7944665121924307,0.1662175261714126,0.5405770716098421,0.123076923076923,0.1481481481481481,0.1052631578947368,15.0,S7+S3,B_untrimmed_proportional
CNN,3,S7,239,0.9205798840898608,0.7682142583026694,0.7065850961565177,0.5752688172043011,0.8045112781954887,0.4476987447698745,12.0,S10+S1,B_untrimmed_proportional
CNN,3,S8,8,0.7940802845528455,0.0409898234966342,0.5,0.0,0.0,0.0,12.0,S4+S7,B_untrimmed_proportional
CNN,3,S9,5,0.9649442755825736,0.2725580554802566,0.5989868287740628,0.25,0.3333333333333333,0.2,14.0,S7+S5,B_untrimmed_proportional
CNN,3,S10,7,0.9840464104423496,0.2956904206904207,0.5,0.0,0.0,0.0,36.0,S2+S8,B_untrimmed_proportional
CNN,4,S1,67,0.9072529245663574,0.4629030675102251,0.6065348931020573,0.3260869565217391,0.6,0.2238805970149253,12.0,S5+S6,B_untrimmed_proportional
CNN,4,S2,46,0.789755492232742,0.1168963950464286,0.5329074363452523,0.1142857142857142,0.1666666666666666,0.0869565217391304,9.0,S10+S5,B_untrimmed_proportional
CNN,4,S3,163,0.7891835088472325,0.5833594705667259,0.7009553975149304,0.5373134328358209,0.6857142857142857,0.4417177914110429,9.0,S7+S9,B_untrimmed_proportional
CNN,4,S4,68,0.8407021899668958,0.2603641343401136,0.4994588744588744,0.0,0.0,0.0,9.0,S5+S9,B_untrimmed_proportional
CNN,4,S5,47,0.8520995159293032,0.2850940075338918,0.5,0.0,0.0,0.0,11.0,S4+S9,B_untrimmed_proportional
CNN,4,S6,38,0.7495034756703078,0.2914804033809627,0.6479366655632792,0.3478260869565217,0.3870967741935484,0.3157894736842105,16.0,S9+S10,B_untrimmed_proportional
CNN,4,S7,239,0.92455839126062,0.7712933859884431,0.7817349847472037,0.6899766899766899,0.7789473684210526,0.6192468619246861,12.0,S4+S6,B_untrimmed_proportional
CNN,4,S8,8,0.8226626016260163,0.0738345869123881,0.4989837398373983,0.0,0.0,0.0,25.0,S2+S7,B_untrimmed_proportional
CNN,4,S9,5,0.8996960486322189,0.4387057738424645,0.7,0.5714285714285714,1.0,0.4,30.0,S1+S4,B_untrimmed_proportional
CNN,4,S10,7,0.8710659898477157,0.237604104480362,0.5,0.0,0.0,0.0,16.0,S3+S2,B_untrimmed_proportional
CNN,42,S1,67,0.86883420734167,0.3239313870619795,0.554296087131908,0.188235294117647,0.4444444444444444,0.1194029850746268,16.0,S9+S3,B_untrimmed_proportional
CNN,42,S2,46,0.7929037595367222,0.1116925042177943,0.7679933817446456,0.2052631578947368,0.1167664670658682,0.8478260869565217,19.0,S1+S3,B_untrimmed_proportional
CNN,42,S3,163,0.8276140223641464,0.6145940047459512,0.6504103547033532,0.4553571428571428,0.8360655737704918,0.3128834355828221,16.0,S10+S4,B_untrimmed_proportional
CNN,42,S4,68,0.912846956964604,0.4566133667645525,0.5760122230710466,0.25,0.55,0.1617647058823529,31.0,S2+S9,B_untrimmed_proportional
CNN,42,S5,47,0.8811212428233705,0.3150381541864776,0.6442305527411911,0.3296703296703296,0.3409090909090909,0.3191489361702128,24.0,S2+S7,B_untrimmed_proportional
CNN,42,S6,38,0.7496689837802051,0.2832390276788737,0.6147522895288536,0.3333333333333333,0.5625,0.2368421052631578,18.0,S9+S3,B_untrimmed_proportional
CNN,42,S7,239,0.9350214205937756,0.8178250318772154,0.8721293348224952,0.781431334622824,0.7266187050359713,0.8451882845188284,29.0,S1+S6,B_untrimmed_proportional
CNN,42,S8,8,0.8704268292682927,0.1254087039246461,0.4994918699186992,0.0,0.0,0.0,22.0,S10+S6,B_untrimmed_proportional
CNN,42,S9,5,0.945694022289767,0.3854169202678028,0.5994934143870314,0.2857142857142857,0.5,0.2,16.0,S3+S1,B_untrimmed_proportional
CNN,42,S10,7,0.9794053662073966,0.4856015133326057,0.5,0.0,0.0,0.0,16.0,S3+S1,B_untrimmed_proportional
CNN-BiLSTM,1,S1,67,0.8385800726099234,0.4148185426235626,0.779273900766438,0.4598930481283422,0.3583333333333333,0.6417910447761194,26.0,S10+S4,B_untrimmed_proportional
CNN-BiLSTM,1,S2,46,0.8772865153047156,0.2213265089005051,0.8133560069859362,0.2189054726368159,0.1235955056179775,0.9565217391304348,19.0,S5+S9,B_untrimmed_proportional
CNN-BiLSTM,1,S3,163,0.8776558348812598,0.7281870799252127,0.8119028765531685,0.6483516483516484,0.5870646766169154,0.7239263803680982,29.0,S2+S9,B_untrimmed_proportional
CNN-BiLSTM,1,S4,68,0.8486917494270436,0.3219951687054939,0.6193659281894576,0.3272727272727272,0.4285714285714285,0.2647058823529412,12.0,S9+S5,B_untrimmed_proportional
CNN-BiLSTM,1,S5,47,0.8801756163458291,0.3498570432228823,0.747495215580322,0.40625,0.3209876543209876,0.5531914893617021,32.0,S3+S6,B_untrimmed_proportional
CNN-BiLSTM,1,S6,38,0.8747931148626283,0.3523258423476315,0.6968994814079223,0.4,0.3809523809523809,0.4210526315789473,15.0,S8+S5,B_untrimmed_proportional
CNN-BiLSTM,1,S7,239,0.9307650847099748,0.8276692664051496,0.8693732739891202,0.7775628626692457,0.7230215827338129,0.8410041841004184,17.0,S10+S3,B_untrimmed_proportional
CNN-BiLSTM,1,S8,8,0.6702235772357724,0.1039828553907586,0.5609756097560976,0.1666666666666666,0.25,0.125,14.0,S9+S6,B_untrimmed_proportional
CNN-BiLSTM,1,S9,5,0.8737588652482269,0.3456695121751787,0.697467071935157,0.3333333333333333,0.2857142857142857,0.4,21.0,S7+S6,B_untrimmed_proportional
CNN-BiLSTM,1,S10,7,0.7854967367657724,0.1507866565961018,0.499492385786802,0.0,0.0,0.0,25.0,S6+S5,B_untrimmed_proportional
CNN-BiLSTM,2,S1,67,0.8409842678499394,0.3616762658382471,0.7615409439290036,0.4097560975609756,0.3043478260869565,0.6268656716417911,36.0,S6+S3,B_untrimmed_proportional
CNN-BiLSTM,2,S2,46,0.8599595551061678,0.2474928738114978,0.8109431013879953,0.2233766233766233,0.1268436578171091,0.9347826086956522,12.0,S9+S6,B_untrimmed_proportional
CNN-BiLSTM,2,S3,163,0.8403871913089168,0.5311012138774356,0.7713373345075374,0.5569007263922519,0.46,0.7055214723926381,10.0,S2+S1,B_untrimmed_proportional
CNN-BiLSTM,2,S4,68,0.9264069264069263,0.6415150003170133,0.8693340972752738,0.5253456221198156,0.3825503355704698,0.8382352941176471,39.0,S10+S7,B_untrimmed_proportional
CNN-BiLSTM,2,S5,47,0.8276258020938871,0.3179107170894054,0.6948328267477204,0.3442622950819672,0.28,0.4468085106382978,21.0,S9+S10,B_untrimmed_proportional
CNN-BiLSTM,2,S6,38,0.8332505792783846,0.3169158632006611,0.7011475228952886,0.3469387755102041,0.2833333333333333,0.4473684210526316,23.0,S7+S4,B_untrimmed_proportional
CNN-BiLSTM,2,S7,239,0.9543916384670524,0.8871572746791013,0.900417854384415,0.8391038696537678,0.8174603174603174,0.8619246861924686,27.0,S6+S5,B_untrimmed_proportional
CNN-BiLSTM,2,S8,8,0.7822662601626017,0.0911655469433691,0.5574186991869918,0.1052631578947368,0.0909090909090909,0.125,21.0,S2+S7,B_untrimmed_proportional
CNN-BiLSTM,2,S9,5,0.9003039513677812,0.3626688395154196,0.6944275582573455,0.2222222222222222,0.1538461538461538,0.4,25.0,S7+S6,B_untrimmed_proportional
CNN-BiLSTM,2,S10,7,0.978535170413343,0.3450132323816534,0.5709209572153735,0.2222222222222222,0.5,0.1428571428571428,39.0,S8+S3,B_untrimmed_proportional
CNN-BiLSTM,3,S1,67,0.8786768858410648,0.400962798366586,0.8207180314643001,0.3819444444444444,0.248868778280543,0.8208955223880597,28.0,S8+S4,B_untrimmed_proportional
CNN-BiLSTM,3,S2,46,0.8225710083647394,0.1405883654336208,0.7784952661090174,0.2334384858044164,0.1365313653136531,0.8043478260869565,10.0,S1+S8,B_untrimmed_proportional
CNN-BiLSTM,3,S3,163,0.8577264351313949,0.6576606254901942,0.7859162121559717,0.5835411471321695,0.4915966386554621,0.7177914110429447,23.0,S5+S7,B_untrimmed_proportional
CNN-BiLSTM,3,S4,68,0.933091418385536,0.6891430348919718,0.8566972243442832,0.5824175824175825,0.4649122807017544,0.7794117647058824,29.0,S1+S7,B_untrimmed_proportional
CNN-BiLSTM,3,S5,47,0.907216030620286,0.3286191333202808,0.7464370145221209,0.4,0.3132530120481928,0.5531914893617021,27.0,S4+S9,B_untrimmed_proportional
CNN-BiLSTM,3,S6,38,0.7277943285887676,0.3087711755268776,0.6963753723932473,0.3950617283950617,0.3720930232558139,0.4210526315789473,28.0,S7+S3,B_untrimmed_proportional
CNN-BiLSTM,3,S7,239,0.7137141809331711,0.5089506695221663,0.5369928931415204,0.1395348837209302,0.9473684210526316,0.0753138075313807,9.0,S10+S1,B_untrimmed_proportional
CNN-BiLSTM,3,S8,8,0.6556148373983739,0.0625506452418159,0.5589430894308943,0.125,0.125,0.125,19.0,S4+S7,B_untrimmed_proportional
CNN-BiLSTM,3,S9,5,0.9223910840932118,0.1759305268163382,0.6979736575481257,0.3636363636363636,0.3333333333333333,0.4,29.0,S7+S5,B_untrimmed_proportional
CNN-BiLSTM,3,S10,7,0.9934735315445976,0.4027777777777778,0.640319071791153,0.2857142857142857,0.2857142857142857,0.2857142857142857,42.0,S2+S8,B_untrimmed_proportional
CNN-BiLSTM,4,S1,67,0.8958935054457442,0.4359445930619464,0.7947398144413069,0.4787234042553192,0.371900826446281,0.6716417910447762,23.0,S5+S6,B_untrimmed_proportional
CNN-BiLSTM,4,S2,46,0.8966127401415571,0.3167435089187448,0.8267303980145233,0.2628205128205128,0.1541353383458646,0.8913043478260869,24.0,S10+S5,B_untrimmed_proportional
CNN-BiLSTM,4,S3,163,0.9103436026848816,0.7864719129990159,0.8213458450198702,0.7037037037037037,0.7080745341614907,0.6993865030674846,33.0,S7+S9,B_untrimmed_proportional
CNN-BiLSTM,4,S4,68,0.8610580595874714,0.3404251124770161,0.6867201426024956,0.3972602739726027,0.3717948717948718,0.4264705882352941,13.0,S5+S9,B_untrimmed_proportional
CNN-BiLSTM,4,S5,47,0.8069571090847686,0.2557252189687331,0.6826072272880783,0.3225806451612903,0.2597402597402597,0.425531914893617,40.0,S4+S9,B_untrimmed_proportional
CNN-BiLSTM,4,S6,38,0.8499117290080547,0.4044986581816375,0.7580271433300232,0.3666666666666666,0.2682926829268293,0.5789473684210527,15.0,S9+S10,B_untrimmed_proportional
CNN-BiLSTM,4,S7,239,0.9163291047803208,0.8380843384767597,0.7881750543155135,0.7104622871046229,0.8488372093023255,0.6108786610878661,44.0,S4+S6,B_untrimmed_proportional
CNN-BiLSTM,4,S8,8,0.7107469512195123,0.0557148712281853,0.5584349593495934,0.1176470588235294,0.1111111111111111,0.125,26.0,S2+S7,B_untrimmed_proportional
CNN-BiLSTM,4,S9,5,0.7460992907801418,0.0214710454560036,0.4984802431610942,0.0,0.0,0.0,17.0,S1+S4,B_untrimmed_proportional
CNN-BiLSTM,4,S10,7,0.9795503988397388,0.218111891326177,0.9138506163886876,0.2857142857142857,0.1714285714285714,0.8571428571428571,33.0,S3+S2,B_untrimmed_proportional
CNN-BiLSTM,42,S1,67,0.8949415086728519,0.4303730522607174,0.7787333602258975,0.4574468085106383,0.3553719008264462,0.6417910447761194,25.0,S9+S3,B_untrimmed_proportional
CNN-BiLSTM,42,S2,46,0.8166651346631124,0.153487580982078,0.7118760915525324,0.1481481481481481,0.0802919708029197,0.9565217391304348,14.0,S1+S3,B_untrimmed_proportional
CNN-BiLSTM,42,S3,163,0.9286745062052736,0.8063944333964238,0.8525054208263337,0.6290672451193059,0.4865771812080537,0.8895705521472392,25.0,S10+S4,B_untrimmed_proportional
CNN-BiLSTM,42,S4,68,0.9235262286732876,0.5867330982901637,0.8804749172396231,0.5497630331753555,0.4055944055944055,0.8529411764705882,20.0,S2+S9,B_untrimmed_proportional
CNN-BiLSTM,42,S5,47,0.8641224811437578,0.3112726409359462,0.7123494314983676,0.4,0.3492063492063492,0.4680851063829787,28.0,S2+S7,B_untrimmed_proportional
CNN-BiLSTM,42,S6,38,0.835567692816948,0.4754156139303993,0.7390488800617897,0.3846153846153846,0.303030303030303,0.5263157894736842,37.0,S9+S3,B_untrimmed_proportional
CNN-BiLSTM,42,S7,239,0.9480682569582202,0.8478688290588152,0.8829535414826051,0.8015717092337917,0.7555555555555555,0.8535564853556485,29.0,S1+S6,B_untrimmed_proportional
CNN-BiLSTM,42,S8,8,0.8259654471544715,0.0674566357223384,0.4979674796747967,0.0,0.0,0.0,12.0,S10+S6,B_untrimmed_proportional
CNN-BiLSTM,42,S9,5,0.7542046605876394,0.4171103037240303,0.6924012158054711,0.1818181818181818,0.1176470588235294,0.4,42.0,S3+S1,B_untrimmed_proportional
CNN-BiLSTM,42,S10,7,0.9728788977519942,0.4867897605747764,0.6423495286439449,0.4,0.6666666666666666,0.2857142857142857,16.0,S3+S1,B_untrimmed_proportional
EEGNet,1,S1,67,0.9165631302944734,0.5849391858072678,0.8573699072206535,0.4765957446808511,0.3333333333333333,0.835820895522388,42.0,S10+S4,B_untrimmed_proportional
EEGNet,1,S2,46,0.8650381468885008,0.2022007943994563,0.7808162514937035,0.1945701357466063,0.1085858585858585,0.9347826086956522,16.0,S5+S9,B_untrimmed_proportional
EEGNet,1,S3,163,0.9213258638170018,0.7861531196494025,0.8198324539137256,0.5685884691848907,0.4205882352941176,0.8773006134969326,49.0,S2+S9,B_untrimmed_proportional
EEGNet,1,S4,68,0.9397281639928698,0.5974057486592107,0.7323656735421441,0.55,0.6346153846153846,0.4852941176470588,19.0,S9+S5,B_untrimmed_proportional
EEGNet,1,S5,47,0.8757626927839693,0.3986675723006732,0.7432061240571879,0.4347826086956521,0.3676470588235294,0.5319148936170213,23.0,S3+S6,B_untrimmed_proportional
EEGNet,1,S6,38,0.8609731876861966,0.307443049146693,0.6631909963588216,0.3939393939393939,0.4642857142857143,0.3421052631578947,41.0,S8+S5,B_untrimmed_proportional
EEGNet,1,S7,239,0.9494351742263858,0.8352531495845744,0.9096862202514906,0.8248587570621468,0.75,0.9163179916317992,22.0,S10+S3,B_untrimmed_proportional
EEGNet,1,S8,8,0.7333587398373984,0.141111280616431,0.4989837398373983,0.0,0.0,0.0,21.0,S9+S6,B_untrimmed_proportional
EEGNet,1,S9,5,0.9495440729483284,0.1246393046316826,0.5964539007092199,0.1538461538461538,0.125,0.2,35.0,S7+S6,B_untrimmed_proportional
EEGNet,1,S10,7,0.882668600435098,0.1160611111487174,0.499492385786802,0.0,0.0,0.0,40.0,S6+S5,B_untrimmed_proportional
EEGNet,2,S1,67,0.9271157724889068,0.5640507702265621,0.8798628479225494,0.5201793721973094,0.3717948717948718,0.8656716417910447,41.0,S6+S3,B_untrimmed_proportional
EEGNet,2,S2,46,0.8885812115084107,0.2379936533105871,0.7977295707326042,0.2097560975609756,0.1181318681318681,0.9347826086956522,34.0,S9+S6,B_untrimmed_proportional
EEGNet,2,S3,163,0.9055777157784898,0.7723815099670646,0.7612431268362356,0.4629349470499244,0.3072289156626506,0.9386503067484664,53.0,S2+S1,B_untrimmed_proportional
EEGNet,2,S4,68,0.945871530430354,0.6754852583982215,0.8247071555895085,0.6618705035971223,0.647887323943662,0.6764705882352942,26.0,S10+S7,B_untrimmed_proportional
EEGNet,2,S5,47,0.8806484295845997,0.4069804426664949,0.7442643251153889,0.4424778761061947,0.3787878787878788,0.5319148936170213,14.0,S9+S10,B_untrimmed_proportional
EEGNet,2,S6,38,0.8716760454595608,0.2829997615829632,0.6484607745779543,0.3529411764705882,0.4,0.3157894736842105,29.0,S7+S4,B_untrimmed_proportional
EEGNet,2,S7,239,0.9640934171264732,0.8929426769346043,0.9195824790100406,0.8317929759704251,0.7450331125827815,0.9414225941422594,35.0,S6+S5,B_untrimmed_proportional
EEGNet,2,S8,8,0.7196392276422764,0.0701053619801273,0.5574186991869918,0.1052631578947368,0.0909090909090909,0.125,43.0,S2+S7,B_untrimmed_proportional
EEGNet,2,S9,5,0.9110435663627152,0.0809532604191883,0.5878419452887538,0.0666666666666666,0.04,0.2,43.0,S7+S6,B_untrimmed_proportional
EEGNet,2,S10,7,0.973313995649021,0.2740880410135068,0.5,0.0,0.0,0.0,57.0,S8+S3,B_untrimmed_proportional
EEGNet,3,S1,67,0.9073658733360226,0.5324397325767082,0.8548769665187576,0.5142857142857142,0.3776223776223776,0.8059701492537313,31.0,S8+S4,B_untrimmed_proportional
EEGNet,3,S2,46,0.8970723412078316,0.2821601511008181,0.7792306278150565,0.1932584269662921,0.1077694235588972,0.9347826086956522,33.0,S1+S8,B_untrimmed_proportional
EEGNet,3,S3,163,0.892908153070815,0.7284372094239063,0.8100934676267512,0.6430517711171662,0.5784313725490197,0.7239263803680982,25.0,S5+S7,B_untrimmed_proportional
EEGNet,3,S4,68,0.9412878787878788,0.5919373666625384,0.7778838808250573,0.5797101449275363,0.5714285714285714,0.5882352941176471,14.0,S1+S7,B_untrimmed_proportional
EEGNet,3,S5,47,0.8721828211189913,0.4331454129118224,0.7469098277608917,0.4629629629629629,0.4098360655737705,0.5319148936170213,49.0,S4+S9,B_untrimmed_proportional
EEGNet,3,S6,38,0.8861580050755821,0.3391616836878243,0.6742524550369635,0.3943661971830985,0.4242424242424242,0.3684210526315789,38.0,S7+S3,B_untrimmed_proportional
EEGNet,3,S7,239,0.9516077947623732,0.8496053055036866,0.9132063100457306,0.8277153558052435,0.7491525423728813,0.9246861924686192,18.0,S10+S1,B_untrimmed_proportional
EEGNet,3,S8,8,0.7587652439024389,0.0918947244784949,0.4989837398373983,0.0,0.0,0.0,29.0,S4+S7,B_untrimmed_proportional
EEGNet,3,S9,5,0.939209726443769,0.1408243993609847,0.5964539007092199,0.1538461538461538,0.125,0.2,30.0,S7+S5,B_untrimmed_proportional
EEGNet,3,S10,7,0.9883973894126178,0.5359488623035421,0.5709209572153735,0.2222222222222222,0.5,0.1428571428571428,57.0,S2+S8,B_untrimmed_proportional
EEGNet,4,S1,67,0.9201774909237596,0.5814635139151078,0.8678499394917305,0.5806451612903226,0.453781512605042,0.8059701492537313,28.0,S5+S6,B_untrimmed_proportional
EEGNet,4,S2,46,0.8801360419156172,0.2442991154775034,0.7776450041364096,0.1919642857142857,0.1069651741293532,0.9347826086956522,17.0,S10+S5,B_untrimmed_proportional
EEGNet,4,S3,163,0.9134739911342664,0.7840861047203258,0.8297046482198229,0.6684636118598383,0.5961538461538461,0.7607361963190185,16.0,S7+S9,B_untrimmed_proportional
EEGNet,4,S4,68,0.9392984466513878,0.7006152342850799,0.7860007639419404,0.6504065040650406,0.7272727272727273,0.5882352941176471,26.0,S5+S9,B_untrimmed_proportional
EEGNet,4,S5,47,0.8944725880896094,0.4598787007079509,0.7650118203309693,0.4655172413793103,0.391304347826087,0.574468085106383,29.0,S4+S9,B_untrimmed_proportional
EEGNet,4,S6,38,0.8625179300452388,0.3258510295887251,0.6637151053734966,0.4,0.4814814814814814,0.3421052631578947,20.0,S9+S10,B_untrimmed_proportional
EEGNet,4,S7,239,0.9687664960798368,0.9125306625430352,0.9176182300088348,0.8653061224489796,0.8446215139442231,0.8870292887029289,31.0,S4+S6,B_untrimmed_proportional
EEGNet,4,S8,8,0.8246951219512195,0.0676761649938381,0.5604674796747968,0.1538461538461538,0.2,0.125,16.0,S2+S7,B_untrimmed_proportional
EEGNet,4,S9,5,0.9175278622087132,0.1030446575988678,0.597467071935157,0.1818181818181818,0.1666666666666666,0.2,34.0,S1+S4,B_untrimmed_proportional
EEGNet,4,S10,7,0.989557650471356,0.5845238095238094,0.7122552574329224,0.4285714285714285,0.4285714285714285,0.4285714285714285,25.0,S3+S2,B_untrimmed_proportional
EEGNet,42,S1,67,0.9286970552642194,0.5789658579399405,0.8728358208955224,0.4915254237288136,0.3431952662721893,0.8656716417910447,28.0,S9+S3,B_untrimmed_proportional
EEGNet,42,S2,46,0.7932484603364279,0.2559289693803752,0.6232420259215001,0.1176470588235294,0.0629800307219662,0.8913043478260869,41.0,S1+S3,B_untrimmed_proportional
EEGNet,42,S3,163,0.9101955937747452,0.76380609936727,0.8139009968400097,0.7051282051282052,0.738255033557047,0.6748466257668712,19.0,S10+S4,B_untrimmed_proportional
EEGNet,42,S4,68,0.9444550547491724,0.6180223721281591,0.8350840336134454,0.6442953020134228,0.5925925925925926,0.7058823529411765,37.0,S2+S9,B_untrimmed_proportional
EEGNet,42,S5,47,0.9107058426207362,0.4400079123580117,0.8081503996397613,0.4571428571428571,0.3440860215053763,0.6808510638297872,36.0,S2+S7,B_untrimmed_proportional
EEGNet,42,S6,38,0.8564217146640186,0.3743732942439887,0.6863621317444555,0.4054054054054054,0.4166666666666667,0.3947368421052631,39.0,S9+S3,B_untrimmed_proportional
EEGNet,42,S7,239,0.9559085832402606,0.8662034506222921,0.9155622975323254,0.8416988416988417,0.7813620071684588,0.9121338912133892,26.0,S1+S6,B_untrimmed_proportional
EEGNet,42,S8,8,0.8076727642276424,0.1120369433300562,0.4984756097560975,0.0,0.0,0.0,41.0,S10+S6,B_untrimmed_proportional
EEGNet,42,S9,5,0.92016210739615,0.1298650086011057,0.5959473150962513,0.1428571428571428,0.1111111111111111,0.2,28.0,S3+S1,B_untrimmed_proportional
EEGNet,42,S10,7,0.9618564176939812,0.2075598856563902,0.5709209572153735,0.2222222222222222,0.5,0.1428571428571428,37.0,S3+S1,B_untrimmed_proportional
ShallowConvNet,1,S1,67,0.8777410246066963,0.5490052493608352,0.8023396530859217,0.3416149068322981,0.2156862745098039,0.8208955223880597,12.0,S10+S4,B_untrimmed_proportional
ShallowConvNet,1,S2,46,0.8928899715047339,0.2946374136149124,0.6896773600514754,0.1383647798742138,0.0745762711864406,0.9565217391304348,9.0,S5+S9,B_untrimmed_proportional
ShallowConvNet,1,S3,163,0.8167723696966558,0.60099025884027,0.6496111065886165,0.3619047619047619,0.224519940915805,0.9325153374233128,10.0,S2+S9,B_untrimmed_proportional
ShallowConvNet,1,S4,68,0.905828240387064,0.6714626849048638,0.8168130888719124,0.6474820143884892,0.6338028169014085,0.6617647058823529,30.0,S9+S5,B_untrimmed_proportional
ShallowConvNet,1,S5,47,0.8080153101429697,0.3233067671122322,0.7322075875267364,0.3033707865168539,0.2061068702290076,0.574468085106383,15.0,S3+S6,B_untrimmed_proportional
ShallowConvNet,1,S6,38,0.8434569127220568,0.3258318715551425,0.6432196844312038,0.3076923076923077,0.3,0.3157894736842105,15.0,S8+S5,B_untrimmed_proportional
ShallowConvNet,1,S7,239,0.9407669183794808,0.8406040724238031,0.8743214033683953,0.7816091954022989,0.7208480565371025,0.8535564853556485,25.0,S10+S3,B_untrimmed_proportional
ShallowConvNet,1,S8,8,0.7494918699186992,0.0474034323316864,0.5584349593495934,0.1176470588235294,0.1111111111111111,0.125,32.0,S9+S6,B_untrimmed_proportional
ShallowConvNet,1,S9,5,0.8761904761904762,0.2139491896451308,0.6893617021276596,0.1428571428571428,0.0869565217391304,0.4,18.0,S7+S6,B_untrimmed_proportional
ShallowConvNet,1,S10,7,0.8838288614938361,0.2216831933151736,0.6393038433647571,0.25,0.2222222222222222,0.2857142857142857,45.0,S6+S5,B_untrimmed_proportional
ShallowConvNet,2,S1,67,0.8020169423154498,0.2885161863408993,0.7080758370310609,0.2167300380228136,0.1241830065359477,0.8507462686567164,9.0,S6+S3,B_untrimmed_proportional
ShallowConvNet,2,S2,46,0.8342448754481111,0.3490019949881786,0.7994071146245059,0.2541806020066889,0.150197628458498,0.8260869565217391,30.0,S9+S6,B_untrimmed_proportional
ShallowConvNet,2,S3,163,0.8676430321105331,0.7198063062927321,0.6755977709858134,0.3810709838107098,0.2390625,0.9386503067484664,15.0,S2+S1,B_untrimmed_proportional
ShallowConvNet,2,S4,68,0.912831041507512,0.6422483470452623,0.8073911382734913,0.5380116959064327,0.4466019417475728,0.6764705882352942,12.0,S10+S7,B_untrimmed_proportional
ShallowConvNet,2,S5,47,0.8216368344027919,0.3783620693523331,0.7795226837780029,0.3583815028901734,0.246031746031746,0.6595744680851063,19.0,S9+S10,B_untrimmed_proportional
ShallowConvNet,2,S6,38,0.8343539666777006,0.2630563752513615,0.5615966015668101,0.196078431372549,0.3846153846153846,0.131578947368421,18.0,S7+S4,B_untrimmed_proportional
ShallowConvNet,2,S7,239,0.957942289419727,0.9067260232629868,0.8837898059088611,0.7684210526315789,0.6616314199395771,0.9163179916317992,16.0,S6+S5,B_untrimmed_proportional
ShallowConvNet,2,S8,8,0.7906504065040652,0.0395091661075144,0.5533536585365854,0.074074074074074,0.0526315789473684,0.125,56.0,S2+S7,B_untrimmed_proportional
ShallowConvNet,2,S9,5,0.7955420466058765,0.0365130083138575,0.4969604863221885,0.0,0.0,0.0,17.0,S7+S6,B_untrimmed_proportional
ShallowConvNet,2,S10,7,0.8759970993473531,0.3172197120738962,0.7071791153009427,0.25,0.1764705882352941,0.4285714285714285,15.0,S8+S3,B_untrimmed_proportional
ShallowConvNet,3,S1,67,0.8559580475998386,0.4766758694949025,0.7654618797902379,0.3081570996978852,0.1931818181818181,0.7611940298507462,28.0,S8+S4,B_untrimmed_proportional
ShallowConvNet,3,S2,46,0.8656126482213439,0.2129858852698732,0.6788767349940252,0.1327433628318584,0.0712025316455696,0.9782608695652174,26.0,S1+S8,B_untrimmed_proportional
ShallowConvNet,3,S3,163,0.8310478290793105,0.569917523083339,0.7430935342307607,0.4957627118644068,0.3786407766990291,0.7177914110429447,15.0,S5+S7,B_untrimmed_proportional
ShallowConvNet,3,S4,68,0.8936688311688311,0.669910662568004,0.8312961548255666,0.6153846153846154,0.5454545454545454,0.7058823529411765,18.0,S1+S7,B_untrimmed_proportional
ShallowConvNet,3,S5,47,0.8584262073623776,0.3456135046976932,0.7655972081503997,0.4117647058823529,0.3146067415730337,0.5957446808510638,32.0,S4+S9,B_untrimmed_proportional
ShallowConvNet,3,S6,38,0.8757034094670639,0.305264037745672,0.6774522784949796,0.3296703296703296,0.2830188679245283,0.3947368421052631,14.0,S7+S3,B_untrimmed_proportional
ShallowConvNet,3,S7,239,0.935482616257425,0.8319016500918688,0.8796696060944507,0.7771639042357275,0.694078947368421,0.8828451882845189,13.0,S10+S1,B_untrimmed_proportional
ShallowConvNet,3,S8,8,0.8146595528455285,0.0802560624273506,0.4984756097560975,0.0,0.0,0.0,16.0,S4+S7,B_untrimmed_proportional
ShallowConvNet,3,S9,5,0.760081053698075,0.1733024368105013,0.691388044579534,0.1666666666666666,0.1052631578947368,0.4,28.0,S7+S5,B_untrimmed_proportional
ShallowConvNet,3,S10,7,0.921972443799855,0.4780202253886463,0.7117476432197244,0.4,0.375,0.4285714285714285,19.0,S2+S8,B_untrimmed_proportional
ShallowConvNet,4,S1,67,0.9100282371924164,0.5736915497043862,0.8488261395724083,0.4661016949152542,0.3254437869822485,0.8208955223880597,22.0,S5+S6,B_untrimmed_proportional
ShallowConvNet,4,S2,46,0.8738854674142844,0.2288858488271958,0.7340748230535895,0.1594202898550724,0.0869565217391304,0.9565217391304348,11.0,S10+S5,B_untrimmed_proportional
ShallowConvNet,4,S3,163,0.8288202949817579,0.6326733903017948,0.7307384904571255,0.4650283553875236,0.3360655737704918,0.754601226993865,18.0,S7+S9,B_untrimmed_proportional
ShallowConvNet,4,S4,68,0.9065285204991088,0.6620723712667351,0.7974598930481284,0.6412213740458015,0.6666666666666666,0.6176470588235294,23.0,S5+S9,B_untrimmed_proportional
ShallowConvNet,4,S5,47,0.8068895643363729,0.2642645422590746,0.6059101654846335,0.2784810126582278,0.34375,0.2340425531914893,14.0,S4+S9,B_untrimmed_proportional
ShallowConvNet,4,S6,38,0.7971698113207547,0.3622423913420813,0.7207326492331458,0.15,0.0828729281767955,0.7894736842105263,20.0,S9+S10,B_untrimmed_proportional
ShallowConvNet,4,S7,239,0.9212188901298572,0.8450528707445676,0.8555568520895498,0.7745901639344263,0.7590361445783133,0.7907949790794979,42.0,S4+S6,B_untrimmed_proportional
ShallowConvNet,4,S8,8,0.8607723577235773,0.0534836088882242,0.4994918699186992,0.0,0.0,0.0,27.0,S2+S7,B_untrimmed_proportional
ShallowConvNet,4,S9,5,0.6263424518743668,0.0225532681652759,0.4989868287740628,0.0,0.0,0.0,10.0,S1+S4,B_untrimmed_proportional
ShallowConvNet,4,S10,7,0.8408992023205221,0.12890390085711,0.6377810007251632,0.2105263157894736,0.1666666666666666,0.2857142857142857,10.0,S3+S2,B_untrimmed_proportional
ShallowConvNet,42,S1,67,0.826704316256555,0.3890561243384457,0.751722468737394,0.3076923076923077,0.1959183673469387,0.7164179104477612,22.0,S9+S3,B_untrimmed_proportional
ShallowConvNet,42,S2,46,0.8631537825167755,0.2223511105796309,0.5613107822410148,0.0997830802603036,0.0525114155251141,1.0,18.0,S1+S3,B_untrimmed_proportional
ShallowConvNet,42,S3,163,0.8259193203430846,0.5910691072809139,0.5650869182324776,0.3112391930835735,0.1845102505694761,0.9938650306748468,10.0,S10+S4,B_untrimmed_proportional
ShallowConvNet,42,S4,68,0.9095365418894832,0.7080159495923226,0.8516997708174179,0.4765957446808511,0.3353293413173652,0.8235294117647058,22.0,S2+S9,B_untrimmed_proportional
ShallowConvNet,42,S5,47,0.8285939434875604,0.3214238086187329,0.7805808848362039,0.3625730994152046,0.25,0.6595744680851063,23.0,S2+S7,B_untrimmed_proportional
ShallowConvNet,42,S6,38,0.7728125344808561,0.3707502328393781,0.6432196844312038,0.1080139372822299,0.0578358208955223,0.8157894736842105,10.0,S9+S3,B_untrimmed_proportional
ShallowConvNet,42,S7,239,0.9474070246211804,0.8694856323056778,0.8977979296204304,0.8129770992366412,0.7473684210526316,0.891213389121339,15.0,S1+S6,B_untrimmed_proportional
ShallowConvNet,42,S8,8,0.6915650406504066,0.0391191974497885,0.6199186991869918,0.0416666666666666,0.0220588235294117,0.375,26.0,S10+S6,B_untrimmed_proportional
ShallowConvNet,42,S9,5,0.7843971631205674,0.0202665907317244,0.5457953394123607,0.0176991150442477,0.0092592592592592,0.2,38.0,S3+S1,B_untrimmed_proportional
ShallowConvNet,42,S10,7,0.8379985496736766,0.4884996929270872,0.8403915881073242,0.2222222222222222,0.131578947368421,0.7142857142857143,21.0,S3+S1,B_untrimmed_proportional
DeepConvNet,1,S1,67,0.8672529245663574,0.5271692871019777,0.7489471561113352,0.2458333333333333,0.1428571428571428,0.8805970149253731,12.0,S10+S4,B_untrimmed_proportional
DeepConvNet,1,S2,46,0.7552164721022151,0.1070104920263535,0.600376872874345,0.1772151898734177,0.125,0.3043478260869565,9.0,S5+S9,B_untrimmed_proportional
DeepConvNet,1,S3,163,0.8936926002945378,0.7632488973399142,0.8146595425044587,0.6869300911854104,0.6807228915662651,0.6932515337423313,49.0,S2+S9,B_untrimmed_proportional
DeepConvNet,1,S4,68,0.8696046600458365,0.4704688514358345,0.5424942704354468,0.1558441558441558,0.6666666666666666,0.088235294117647,9.0,S9+S5,B_untrimmed_proportional
DeepConvNet,1,S5,47,0.8235956321062704,0.3185827753974395,0.6804345378813463,0.3551401869158878,0.3166666666666666,0.4042553191489361,17.0,S3+S6,B_untrimmed_proportional
DeepConvNet,1,S6,38,0.815651550259296,0.4575752948935068,0.6294825113097209,0.3846153846153846,0.7142857142857143,0.2631578947368421,18.0,S8+S5,B_untrimmed_proportional
DeepConvNet,1,S7,239,0.9389443620219262,0.8523219221597058,0.8765495896469908,0.7661870503597122,0.6719242902208202,0.891213389121339,22.0,S10+S3,B_untrimmed_proportional
DeepConvNet,1,S8,8,0.5821900406504065,0.1728123856558027,0.5625,0.2222222222222222,1.0,0.125,19.0,S9+S6,B_untrimmed_proportional
DeepConvNet,1,S9,5,0.4887537993920973,0.013257573522431,0.4984802431610942,0.0,0.0,0.0,20.0,S7+S6,B_untrimmed_proportional
DeepConvNet,1,S10,7,0.5267585206671501,0.0495685443555473,0.5,0.0,0.0,0.0,25.0,S6+S5,B_untrimmed_proportional
DeepConvNet,2,S1,67,0.9051553045582896,0.5002072651818292,0.6933844292053247,0.4954128440366973,0.6428571428571429,0.4029850746268656,22.0,S6+S3,B_untrimmed_proportional
DeepConvNet,2,S2,46,0.7807013512271348,0.1512614167130072,0.6743496644912216,0.2485207100591716,0.1707317073170731,0.4565217391304347,12.0,S9+S6,B_untrimmed_proportional
DeepConvNet,2,S3,163,0.7937051810518992,0.6104524764336154,0.5448059973210387,0.1666666666666666,0.8823529411764706,0.0920245398773006,9.0,S2+S1,B_untrimmed_proportional
DeepConvNet,2,S4,68,0.9305449452508276,0.6827136618288883,0.6606824548001019,0.4782608695652174,0.9166666666666666,0.3235294117647059,29.0,S10+S7,B_untrimmed_proportional
DeepConvNet,2,S5,47,0.8047281323877068,0.3204007662820481,0.6516379601485984,0.3896103896103896,0.5,0.3191489361702128,31.0,S9+S10,B_untrimmed_proportional
DeepConvNet,2,S6,38,0.8357332009268454,0.3478324535179384,0.5247434624296591,0.0930232558139534,0.4,0.0526315789473684,19.0,S7+S4,B_untrimmed_proportional
DeepConvNet,2,S7,239,0.9415892913700846,0.8477108638438128,0.5271966527196653,0.1031746031746031,1.0,0.0543933054393305,10.0,S6+S5,B_untrimmed_proportional
DeepConvNet,2,S8,8,0.5570376016260162,0.0443574778304866,0.4994918699186992,0.0,0.0,0.0,31.0,S2+S7,B_untrimmed_proportional
DeepConvNet,2,S9,5,0.7728470111448835,0.0494732018755785,0.4979736575481256,0.0,0.0,0.0,18.0,S7+S6,B_untrimmed_proportional
DeepConvNet,2,S10,7,0.7128353879622915,0.2779991276858011,0.5,0.0,0.0,0.0,16.0,S8+S3,B_untrimmed_proportional
DeepConvNet,3,S1,67,0.8894070189592578,0.5222753974100751,0.5522388059701493,0.1891891891891892,1.0,0.1044776119402985,17.0,S8+S4,B_untrimmed_proportional
DeepConvNet,3,S2,46,0.8144360694916811,0.1461159015472623,0.7360051475319422,0.2313432835820895,0.1396396396396396,0.6739130434782609,17.0,S1+S8,B_untrimmed_proportional
DeepConvNet,3,S3,163,0.8558245206361423,0.7030264320146926,0.7609434087932093,0.6544117647058824,0.8165137614678899,0.5460122699386503,18.0,S5+S7,B_untrimmed_proportional
DeepConvNet,3,S4,68,0.92957410236822,0.6892720899219501,0.5147058823529411,0.0571428571428571,1.0,0.0294117647058823,16.0,S1+S7,B_untrimmed_proportional
DeepConvNet,3,S5,47,0.805043341213554,0.28295242572377,0.5686479792862771,0.2153846153846154,0.3888888888888889,0.1489361702127659,16.0,S4+S9,B_untrimmed_proportional
DeepConvNet,3,S6,38,0.8800342050093789,0.3537902815881116,0.5131578947368421,0.0512820512820512,1.0,0.0263157894736842,16.0,S7+S3,B_untrimmed_proportional
DeepConvNet,3,S7,239,0.9484016514138705,0.8794622995650507,0.7338456494801825,0.6333333333333333,0.9421487603305784,0.4769874476987448,15.0,S10+S1,B_untrimmed_proportional
DeepConvNet,3,S8,8,0.6003556910569106,0.0929540019411714,0.4994918699186992,0.0,0.0,0.0,20.0,S4+S7,B_untrimmed_proportional
DeepConvNet,3,S9,5,0.8206686930091186,0.0247029177693044,0.4989868287740628,0.0,0.0,0.0,22.0,S7+S5,B_untrimmed_proportional
DeepConvNet,3,S10,7,0.8817984046410442,0.4519685917341985,0.5714285714285714,0.25,1.0,0.1428571428571428,27.0,S2+S8,B_untrimmed_proportional
DeepConvNet,4,S1,67,0.8746107301331182,0.5340787776430825,0.6870028237192416,0.490566037735849,0.6666666666666666,0.3880597014925373,17.0,S5+S6,B_untrimmed_proportional
DeepConvNet,4,S2,46,0.7369243496644913,0.0932519087569383,0.6367542972699697,0.1928934010152284,0.1258278145695364,0.4130434782608695,9.0,S10+S5,B_untrimmed_proportional
DeepConvNet,4,S3,163,0.8710842392712042,0.7243097902888159,0.672434080531648,0.5089285714285714,0.9344262295081968,0.3496932515337423,20.0,S7+S9,B_untrimmed_proportional
DeepConvNet,4,S4,68,0.8473230201171379,0.4840532117093251,0.5346002037178508,0.1298701298701298,0.5555555555555556,0.0735294117647058,9.0,S5+S9,B_untrimmed_proportional
DeepConvNet,4,S5,47,0.8060114826072273,0.2910334290897095,0.6692671394799055,0.3364485981308411,0.3,0.3829787234042553,27.0,S4+S9,B_untrimmed_proportional
DeepConvNet,4,S6,38,0.782853359814631,0.3632628441323025,0.7387454485269778,0.2296650717703349,0.1403508771929824,0.631578947368421,16.0,S9+S10,B_untrimmed_proportional
DeepConvNet,4,S7,239,0.9563697789039102,0.8855386006036107,0.8885295637533548,0.8264462809917356,0.8163265306122449,0.8368200836820083,32.0,S4+S6,B_untrimmed_proportional
DeepConvNet,4,S8,8,0.6176321138211383,0.1370895390146941,0.5625,0.2222222222222222,1.0,0.125,14.0,S2+S7,B_untrimmed_proportional
DeepConvNet,4,S9,5,0.6,0.0245768027863058,0.4984802431610942,0.0,0.0,0.0,19.0,S1+S4,B_untrimmed_proportional
DeepConvNet,4,S10,7,0.6458303118201596,0.1827063028374105,0.5,0.0,0.0,0.0,28.0,S3+S2,B_untrimmed_proportional
DeepConvNet,42,S1,67,0.8716901976603469,0.4718261322206367,0.6566115369100444,0.4271844660194174,0.6111111111111112,0.3283582089552239,28.0,S9+S3,B_untrimmed_proportional
DeepConvNet,42,S2,46,0.7898703924993106,0.1237387120885596,0.7395440757422558,0.2085889570552147,0.1214285714285714,0.7391304347826086,20.0,S1+S3,B_untrimmed_proportional
DeepConvNet,42,S3,163,0.8693377341315947,0.7376268081466961,0.771352135398551,0.673992673992674,0.8363636363636363,0.5644171779141104,18.0,S10+S4,B_untrimmed_proportional
DeepConvNet,42,S4,68,0.9321205755029284,0.6587726142636415,0.7219887955182073,0.5636363636363636,0.7380952380952381,0.4558823529411764,17.0,S2+S9,B_untrimmed_proportional
DeepConvNet,42,S5,47,0.8855791962174941,0.3516351604204416,0.5995046718450974,0.2857142857142857,0.4347826086956521,0.2127659574468085,36.0,S2+S7,B_untrimmed_proportional
DeepConvNet,42,S6,38,0.7594063775791681,0.3424836237348603,0.6542259737393799,0.4210526315789473,0.631578947368421,0.3157894736842105,12.0,S9+S3,B_untrimmed_proportional
DeepConvNet,42,S7,239,0.9218245567242882,0.8011591775175699,0.8550928781387699,0.7686116700201208,0.7403100775193798,0.799163179916318,13.0,S1+S6,B_untrimmed_proportional
DeepConvNet,42,S8,8,0.3379065040650407,0.0473275608152105,0.5,0.0,0.0,0.0,9.0,S10+S6,B_untrimmed_proportional
DeepConvNet,42,S9,5,0.7201621073961499,0.0143121368530322,0.4994934143870314,0.0,0.0,0.0,37.0,S3+S1,B_untrimmed_proportional
DeepConvNet,42,S10,7,0.7995649021029732,0.2238918374148876,0.5,0.0,0.0,0.0,37.0,S3+S1,B_untrimmed_proportional
DeepConvNet,1,S1,65,0.8995979630125971,0.5235607243054042,0.6835968909139641,0.4761904761904761,0.625,0.3846153846153846,15.0,S10+S4,C_trimmed_proportional
DeepConvNet,1,S2,43,0.7825331191234955,0.1192244941059145,0.6297242487292265,0.1888888888888888,0.1240875912408759,0.3953488372093023,10.0,S5+S9,C_trimmed_proportional
DeepConvNet,1,S3,164,0.8873551629217079,0.7580967091950288,0.7905943921643941,0.6687898089171974,0.7,0.6402439024390244,50.0,S2+S9,C_trimmed_proportional
DeepConvNet,1,S4,63,0.8799131858228034,0.5306807883983016,0.6308650149901598,0.3908045977011494,0.7083333333333334,0.2698412698412698,18.0,S9+S5,C_trimmed_proportional
DeepConvNet,1,S5,46,0.828903162055336,0.3479738257308652,0.6505434782608696,0.3614457831325301,0.4054054054054054,0.3260869565217391,30.0,S3+S6,C_trimmed_proportional
DeepConvNet,1,S6,37,0.73280029185541,0.277684810544449,0.5259021676344511,0.0975609756097561,0.5,0.054054054054054,10.0,S8+S5,C_trimmed_proportional
DeepConvNet,1,S7,238,0.93046462771155,0.8310532493035994,0.8157062243502052,0.7488372093023256,0.8385416666666666,0.6764705882352942,17.0,S10+S3,C_trimmed_proportional
DeepConvNet,1,S8,8,0.6612200435729847,0.1914584534042807,0.5,0.0,0.0,0.0,10.0,S9+S6,C_trimmed_proportional
DeepConvNet,1,S9,3,0.7244492596605272,0.0079153999542349,0.5,0.0,0.0,0.0,19.0,S7+S6,C_trimmed_proportional
DeepConvNet,1,S10,6,0.7672101449275363,0.2861356512167822,0.5,0.0,0.0,0.0,9.0,S6+S5,C_trimmed_proportional
DeepConvNet,2,S1,65,0.8324845885821496,0.4153809569839681,0.7394710980076834,0.4963503649635036,0.4722222222222222,0.5230769230769231,13.0,S6+S3,C_trimmed_proportional
DeepConvNet,2,S2,43,0.8413705917985725,0.1761447286331514,0.7176907477152414,0.225,0.1370558375634517,0.627906976744186,17.0,S9+S6,C_trimmed_proportional
DeepConvNet,2,S3,164,0.8571394276934894,0.7064874815224191,0.7710293835221816,0.6552901023890785,0.7441860465116279,0.5853658536585366,14.0,S2+S1,C_trimmed_proportional
DeepConvNet,2,S4,63,0.935073295444095,0.5637700440189088,0.6308650149901598,0.3908045977011494,0.7083333333333334,0.2698412698412698,28.0,S10+S7,C_trimmed_proportional
DeepConvNet,2,S5,46,0.8209239130434782,0.3264841356940302,0.6402420948616601,0.345679012345679,0.4,0.3043478260869565,15.0,S9+S10,C_trimmed_proportional
DeepConvNet,2,S6,37,0.787492779618764,0.209019583648192,0.5495546164837504,0.1632653061224489,0.3333333333333333,0.1081081081081081,20.0,S7+S4,C_trimmed_proportional
DeepConvNet,2,S7,238,0.932046365057651,0.8300475712933583,0.6838296365057651,0.5364431486880467,0.8761904761904762,0.3865546218487395,10.0,S6+S5,C_trimmed_proportional
DeepConvNet,2,S8,8,0.6390250544662309,0.0848169245885261,0.5,0.0,0.0,0.0,19.0,S2+S7,C_trimmed_proportional
DeepConvNet,2,S9,3,0.676056338028169,0.006863792758956,0.4983748645720476,0.0,0.0,0.0,39.0,S7+S6,C_trimmed_proportional
DeepConvNet,2,S10,6,0.8541666666666667,0.3559446743668841,0.5,0.0,0.0,0.0,13.0,S8+S3,C_trimmed_proportional
DeepConvNet,3,S1,65,0.9073170731707316,0.5447476174575054,0.7428124720807647,0.5641025641025641,0.6346153846153846,0.5076923076923077,37.0,S8+S4,C_trimmed_proportional
DeepConvNet,3,S2,43,0.8731333456240618,0.2458319838279126,0.7090784587426584,0.3333333333333333,0.253012048192771,0.4883720930232558,37.0,S1+S8,C_trimmed_proportional
DeepConvNet,3,S3,164,0.8640051853274437,0.7435822229558923,0.7882737980923116,0.6149732620320856,0.5476190476190477,0.7012195121951219,23.0,S5+S7,C_trimmed_proportional
DeepConvNet,3,S4,63,0.9395979326454412,0.6219865032086868,0.6173094962202725,0.3703703703703703,0.8333333333333334,0.238095238095238,13.0,S1+S7,C_trimmed_proportional
DeepConvNet,3,S5,46,0.7972332015810277,0.3364655362393439,0.5721096837944664,0.2333333333333333,0.5,0.1521739130434782,13.0,S4+S9,C_trimmed_proportional
DeepConvNet,3,S6,37,0.813638160094853,0.3033190330465225,0.6007965220563646,0.2758620689655172,0.3809523809523809,0.2162162162162162,27.0,S7+S3,C_trimmed_proportional
DeepConvNet,3,S7,238,0.951216533124878,0.8808956627861286,0.8181246335743599,0.7614457831325301,0.8926553672316384,0.6638655462184874,21.0,S10+S1,C_trimmed_proportional
DeepConvNet,3,S8,8,0.7302559912854031,0.2054163395271843,0.5,0.0,0.0,0.0,24.0,S4+S7,C_trimmed_proportional
DeepConvNet,3,S9,3,0.8674611773203322,0.0305172863312398,0.5,0.0,0.0,0.0,29.0,S7+S5,C_trimmed_proportional
DeepConvNet,3,S10,6,0.8032608695652175,0.0933895826520065,0.5,0.0,0.0,0.0,29.0,S2+S8,C_trimmed_proportional
DeepConvNet,4,S1,65,0.8702760653980166,0.4619541849226863,0.6274278566961493,0.3529411764705882,0.4864864864864865,0.2769230769230769,10.0,S5+S6,C_trimmed_proportional
DeepConvNet,4,S2,43,0.7298322315573231,0.0877640252868977,0.5446285127340725,0.1139240506329113,0.0782608695652174,0.2093023255813953,9.0,S10+S5,C_trimmed_proportional
DeepConvNet,4,S3,164,0.8891716279367519,0.7762767366963547,0.8091191344984316,0.7006369426751592,0.7333333333333333,0.6707317073170732,25.0,S7+S9,C_trimmed_proportional
DeepConvNet,4,S4,63,0.8941492394563079,0.5434133099669588,0.5305872831944674,0.1159420289855072,0.6666666666666666,0.0634920634920634,9.0,S5+S9,C_trimmed_proportional
DeepConvNet,4,S5,46,0.8087450592885377,0.3276662757096368,0.6024456521739131,0.2985074626865671,0.4761904761904761,0.217391304347826,13.0,S4+S9,C_trimmed_proportional
DeepConvNet,4,S6,37,0.7307329827014866,0.3087432275954971,0.5523667649651902,0.1818181818181818,0.5714285714285714,0.1081081081081081,9.0,S9+S10,C_trimmed_proportional
DeepConvNet,4,S7,238,0.9449750830564784,0.8637437217036283,0.8686364080515927,0.8085106382978723,0.8189655172413793,0.7983193277310925,27.0,S4+S6,C_trimmed_proportional
DeepConvNet,4,S8,8,0.6824618736383442,0.173267228684785,0.5619553376906319,0.2,0.5,0.125,36.0,S2+S7,C_trimmed_proportional
DeepConvNet,4,S9,3,0.7988443481401227,0.029708853238265,0.5,0.0,0.0,0.0,13.0,S1+S4,C_trimmed_proportional
DeepConvNet,4,S10,6,0.8641304347826088,0.2345007183908045,0.5,0.0,0.0,0.0,24.0,S3+S2,C_trimmed_proportional
DeepConvNet,42,S1,65,0.8935763423568301,0.5326523763777399,0.7558742070937192,0.5691056910569106,0.603448275862069,0.5384615384615384,23.0,S9+S3,C_trimmed_proportional
DeepConvNet,42,S2,43,0.7945429165898497,0.1221488255916231,0.7018357080776423,0.2014925373134328,0.12,0.627906976744186,13.0,S1+S3,C_trimmed_proportional
DeepConvNet,42,S3,164,0.9064720568465529,0.7823078832862301,0.7856571282248255,0.6950354609929078,0.8305084745762712,0.5975609756097561,21.0,S10+S4,C_trimmed_proportional
DeepConvNet,42,S4,63,0.9433132851441078,0.5443625764366808,0.7191506189188692,0.5225225225225225,0.6041666666666666,0.4603174603174603,20.0,S2+S9,C_trimmed_proportional
DeepConvNet,42,S5,46,0.8625247035573123,0.402761149294666,0.6545207509881423,0.3947368421052631,0.5,0.3260869565217391,20.0,S2+S7,C_trimmed_proportional
DeepConvNet,42,S6,37,0.7646307725047883,0.2464000533387285,0.5979843735749248,0.2539682539682539,0.3076923076923077,0.2162162162162162,13.0,S9+S3,C_trimmed_proportional
DeepConvNet,42,S7,238,0.9259270568692592,0.8230712806455684,0.7668983290990815,0.6818181818181818,0.8544303797468354,0.5672268907563025,19.0,S1+S6,C_trimmed_proportional
DeepConvNet,42,S8,8,0.8468137254901961,0.173044999171129,0.4994553376906318,0.0,0.0,0.0,30.0,S10+S6,C_trimmed_proportional
DeepConvNet,42,S9,3,0.9158540989526904,0.0241606092073381,0.4994582881906825,0.0,0.0,0.0,23.0,S3+S1,C_trimmed_proportional
DeepConvNet,42,S10,6,0.8130434782608695,0.2953834915217799,0.5,0.0,0.0,0.0,23.0,S3+S1,C_trimmed_proportional
EEGNet,1,S1,65,0.9104618958277496,0.5247461035396053,0.8658715268471366,0.4615384615384615,0.3131868131868132,0.8769230769230769,15.0,S10+S4,C_trimmed_proportional
EEGNet,1,S2,43,0.8748716057836656,0.2047882277112896,0.8029050014485501,0.2097186700767263,0.1178160919540229,0.9534883720930232,23.0,S5+S9,C_trimmed_proportional
EEGNet,1,S3,164,0.9198314768580756,0.7791742905318795,0.8307966839510914,0.618421052631579,0.4828767123287671,0.8597560975609756,28.0,S2+S9,C_trimmed_proportional
EEGNet,1,S4,63,0.9344847247512368,0.5452031842858656,0.7185712446430871,0.5178571428571429,0.5918367346938775,0.4603174603174603,15.0,S9+S5,C_trimmed_proportional
EEGNet,1,S5,46,0.8916501976284584,0.4705647626835785,0.7404150197628458,0.4528301886792453,0.4,0.5217391304347826,23.0,S3+S6,C_trimmed_proportional
EEGNet,1,S6,37,0.8071322165810355,0.2321872523629933,0.6351503359377375,0.3055555555555556,0.3142857142857143,0.2972972972972973,15.0,S8+S5,C_trimmed_proportional
EEGNet,1,S7,238,0.936626685557944,0.789955980011952,0.8977428180574556,0.811214953271028,0.7306397306397306,0.9117647058823528,37.0,S10+S3,C_trimmed_proportional
EEGNet,1,S8,8,0.8518518518518517,0.2447750600841124,0.4989106753812636,0.0,0.0,0.0,42.0,S9+S6,C_trimmed_proportional
EEGNet,1,S9,3,0.7739256049115204,0.0158313025532942,0.4994582881906825,0.0,0.0,0.0,28.0,S7+S6,C_trimmed_proportional
EEGNet,1,S10,6,0.9445652173913044,0.2754323747847763,0.5,0.0,0.0,0.0,24.0,S6+S5,C_trimmed_proportional
EEGNet,2,S1,65,0.9081032788349862,0.5095798388982816,0.8316179755204145,0.4257028112449799,0.2880434782608695,0.8153846153846154,24.0,S6+S3,C_trimmed_proportional
EEGNet,2,S2,43,0.875661724038031,0.2346499524885224,0.8204587953330349,0.2277777777777777,0.1293375394321766,0.9534883720930232,32.0,S9+S6,C_trimmed_proportional
EEGNet,2,S3,164,0.9159624863965176,0.7756579766556907,0.7555214134818513,0.471976401179941,0.311284046692607,0.975609756097561,60.0,S2+S1,C_trimmed_proportional
EEGNet,2,S4,63,0.9417315014070516,0.5393973773772955,0.7638727951590061,0.5737704918032787,0.5932203389830508,0.5555555555555556,35.0,S10+S7,C_trimmed_proportional
EEGNet,2,S5,46,0.9002717391304349,0.4846694833622275,0.7483695652173913,0.5217391304347826,0.5217391304347826,0.5217391304347826,18.0,S9+S10,C_trimmed_proportional
EEGNet,2,S6,37,0.8259812118079835,0.192314993181109,0.6329006171525856,0.2894736842105263,0.282051282051282,0.2972972972972973,25.0,S7+S4,C_trimmed_proportional
EEGNet,2,S7,238,0.9590580418213795,0.878347581601003,0.90952950947821,0.8414872798434442,0.7875457875457875,0.9033613445378152,34.0,S6+S5,C_trimmed_proportional
EEGNet,2,S8,8,0.8479030501089324,0.1798364584438075,0.622276688453159,0.2666666666666666,0.2857142857142857,0.25,47.0,S2+S7,C_trimmed_proportional
EEGNet,2,S9,3,0.650776453593355,0.0060366798871296,0.4994582881906825,0.0,0.0,0.0,29.0,S7+S6,C_trimmed_proportional
EEGNet,2,S10,6,0.9402173913043478,0.2151698364690797,0.5827898550724637,0.25,0.5,0.1666666666666666,41.0,S8+S3,C_trimmed_proportional
EEGNet,3,S1,65,0.9144286607701242,0.522814950637181,0.86021620655767,0.5046728971962616,0.3624161073825503,0.8307692307692308,17.0,S8+S4,C_trimmed_proportional
EEGNet,3,S2,43,0.8526429455608523,0.1606358198008785,0.7287655719139298,0.1522123893805309,0.082375478927203,1.0,14.0,S1+S8,C_trimmed_proportional
EEGNet,3,S3,164,0.9127216567441264,0.7645532614571359,0.8592439664554126,0.687960687960688,0.5761316872427984,0.8536585365853658,28.0,S5+S7,C_trimmed_proportional
EEGNet,3,S4,63,0.9474332799941144,0.5707668613208666,0.7621346723316595,0.56,0.5645161290322581,0.5555555555555556,14.0,S1+S7,C_trimmed_proportional
EEGNet,3,S5,46,0.8501482213438735,0.4269198387776919,0.7490118577075099,0.4504504504504504,0.3846153846153846,0.5434782608695652,35.0,S4+S9,C_trimmed_proportional
EEGNet,3,S6,37,0.8634359894202415,0.2433020701077551,0.6807679445474721,0.3296703296703296,0.2777777777777778,0.4054054054054054,38.0,S7+S3,C_trimmed_proportional
EEGNet,3,S7,238,0.9465751416845808,0.8504923914720645,0.9054194352159468,0.8185185185185185,0.7317880794701986,0.9285714285714286,17.0,S10+S1,C_trimmed_proportional
EEGNet,3,S8,8,0.8715958605664488,0.2429629245666981,0.5603213507625273,0.1538461538461538,0.2,0.125,33.0,S4+S7,C_trimmed_proportional
EEGNet,3,S9,3,0.8501263994221742,0.0264295671175074,0.4989165763813651,0.0,0.0,0.0,32.0,S7+S5,C_trimmed_proportional
EEGNet,3,S10,6,0.9786231884057972,0.2940625769894062,0.4994565217391304,0.0,0.0,0.0,60.0,S2+S8,C_trimmed_proportional
EEGNet,4,S1,65,0.8906102028053248,0.4586422114451202,0.842946484409899,0.5074626865671642,0.375,0.7846153846153846,14.0,S5+S6,C_trimmed_proportional
EEGNet,4,S2,43,0.8676288551186494,0.2037841336476088,0.8029050014485501,0.2097186700767263,0.1178160919540229,0.9534883720930232,16.0,S10+S5,C_trimmed_proportional
EEGNet,4,S3,164,0.8911961462134308,0.741468494459596,0.8130481403239229,0.6287128712871287,0.5291666666666667,0.774390243902439,13.0,S7+S9,C_trimmed_proportional
EEGNet,4,S4,63,0.9380713274108408,0.5531575415065221,0.7418013941768287,0.5517241379310345,0.6037735849056604,0.5079365079365079,18.0,S5+S9,C_trimmed_proportional
EEGNet,4,S5,46,0.8871541501976287,0.4609807131222667,0.7340909090909091,0.4742268041237113,0.4509803921568627,0.5,24.0,S4+S9,C_trimmed_proportional
EEGNet,4,S6,37,0.8253731797038885,0.2846588935831566,0.650351138540115,0.3428571428571428,0.3636363636363636,0.3243243243243243,16.0,S9+S10,C_trimmed_proportional
EEGNet,4,S7,238,0.9603527457494626,0.8937240460544827,0.9137311901504788,0.8460038986354775,0.7890909090909091,0.9117647058823528,27.0,S4+S6,C_trimmed_proportional
EEGNet,4,S8,8,0.8307461873638344,0.1498236966795601,0.6815087145969498,0.2727272727272727,0.2142857142857142,0.375,29.0,S2+S7,C_trimmed_proportional
EEGNet,4,S9,3,0.6865294330083062,0.0072509215962789,0.5,0.0,0.0,0.0,18.0,S1+S4,C_trimmed_proportional
EEGNet,4,S10,6,0.9721014492753624,0.4214187925741298,0.6650362318840579,0.3636363636363636,0.4,0.3333333333333333,22.0,S3+S2,C_trimmed_proportional
EEGNet,42,S1,65,0.9125167515411418,0.4962764539966787,0.861082819619405,0.4647302904564315,0.3181818181818182,0.8615384615384616,16.0,S9+S3,C_trimmed_proportional
EEGNet,42,S2,43,0.8682082751718506,0.2076685477805964,0.6639100318681029,0.1276595744680851,0.0682926829268292,0.9767441860465116,31.0,S1+S3,C_trimmed_proportional
EEGNet,42,S3,164,0.9192593303885792,0.7852618627155538,0.8403751360348249,0.6956521739130435,0.6274509803921569,0.7804878048780488,47.0,S10+S4,C_trimmed_proportional
EEGNet,42,S4,63,0.9433684636465632,0.5286942575622996,0.8277695010024094,0.6111111111111112,0.5432098765432098,0.6984126984126984,40.0,S2+S9,C_trimmed_proportional
EEGNet,42,S5,46,0.8932312252964428,0.4196213045583452,0.8246047430830039,0.4748201438848921,0.3548387096774194,0.717391304347826,35.0,S2+S7,C_trimmed_proportional
EEGNet,42,S6,37,0.839692335755328,0.2785480212660574,0.6841425227251999,0.3529411764705882,0.3125,0.4054054054054054,43.0,S9+S3,C_trimmed_proportional
EEGNet,42,S7,238,0.9510760699628688,0.8567050508019691,0.9049308676959156,0.8241965973534972,0.7491408934707904,0.9159663865546218,26.0,S1+S6,C_trimmed_proportional
EEGNet,42,S8,8,0.6922657952069717,0.0775844788422214,0.4994553376906318,0.0,0.0,0.0,16.0,S10+S6,C_trimmed_proportional
EEGNet,42,S9,3,0.8360418923799205,0.0153702879917251,0.4989165763813651,0.0,0.0,0.0,33.0,S3+S1,C_trimmed_proportional
EEGNet,42,S10,6,0.9505434782608696,0.3216323855616051,0.6661231884057971,0.4444444444444444,0.6666666666666666,0.3333333333333333,47.0,S3+S1,C_trimmed_proportional
ShallowConvNet,1,S1,65,0.9154292861609936,0.5475653166508017,0.8436612168319486,0.4132841328413284,0.2718446601941747,0.8615384615384616,19.0,S10+S4,C_trimmed_proportional
ShallowConvNet,1,S2,43,0.8280175932997973,0.1731049002450824,0.6845979614949037,0.1337480559875583,0.0716666666666666,1.0,9.0,S5+S9,C_trimmed_proportional
ShallowConvNet,1,S3,164,0.8204340311119647,0.6502610207892352,0.6663305806286409,0.3994293865905848,0.260707635009311,0.8536585365853658,10.0,S2+S9,C_trimmed_proportional
ShallowConvNet,1,S4,63,0.9047067262594491,0.6093216044752835,0.6643491695635381,0.4772727272727273,0.84,0.3333333333333333,11.0,S9+S5,C_trimmed_proportional
ShallowConvNet,1,S5,46,0.8751729249011858,0.3176695006415109,0.7543478260869565,0.345679012345679,0.2413793103448276,0.6086956521739131,9.0,S3+S6,C_trimmed_proportional
ShallowConvNet,1,S6,37,0.7998662329370991,0.1544999780657113,0.5225275894567234,0.0851063829787234,0.2,0.054054054054054,10.0,S8+S5,C_trimmed_proportional
ShallowConvNet,1,S7,238,0.9251758843072112,0.7873655471245254,0.8794032147742818,0.7879924953095685,0.711864406779661,0.8823529411764706,26.0,S10+S3,C_trimmed_proportional
ShallowConvNet,1,S8,8,0.8504901960784315,0.1314870527212868,0.5608660130718954,0.1666666666666666,0.25,0.125,12.0,S9+S6,C_trimmed_proportional
ShallowConvNet,1,S9,3,0.7428674611773203,0.0538997510578327,0.4978331527627302,0.0,0.0,0.0,13.0,S7+S6,C_trimmed_proportional
ShallowConvNet,1,S10,6,0.9057971014492754,0.2238956454737609,0.6568840579710145,0.1538461538461538,0.1,0.3333333333333333,12.0,S6+S5,C_trimmed_proportional
ShallowConvNet,2,S1,65,0.9139998213168946,0.5690416043862716,0.8363977485928706,0.3717948717948718,0.2348178137651821,0.8923076923076924,18.0,S6+S3,C_trimmed_proportional
ShallowConvNet,2,S2,43,0.8357870894677237,0.1836106791140585,0.6976217440543602,0.1387096774193548,0.0745233968804159,1.0,10.0,S9+S6,C_trimmed_proportional
ShallowConvNet,2,S3,164,0.8230266948338776,0.6524230568427227,0.5868862428781768,0.3422459893048128,0.2075226977950713,0.975609756097561,11.0,S2+S1,C_trimmed_proportional
ShallowConvNet,2,S4,63,0.9152826058967426,0.5718713184001842,0.7181666022917471,0.5714285714285714,0.8,0.4444444444444444,20.0,S10+S7,C_trimmed_proportional
ShallowConvNet,2,S5,46,0.8723073122529644,0.3513340465025917,0.6883399209486166,0.3917525773195876,0.3725490196078431,0.4130434782608695,18.0,S9+S10,C_trimmed_proportional
ShallowConvNet,2,S6,37,0.8034232207460554,0.1714769054323648,0.6317757577600097,0.282051282051282,0.2682926829268293,0.2972972972972973,28.0,S7+S4,C_trimmed_proportional
ShallowConvNet,2,S7,238,0.9245834961891732,0.806048005253885,0.8104602306038695,0.7325842696629213,0.7874396135265701,0.6848739495798319,10.0,S6+S5,C_trimmed_proportional
ShallowConvNet,2,S8,8,0.6680283224400871,0.0380122824753683,0.6075708061002179,0.0952380952380952,0.0588235294117647,0.25,15.0,S2+S7,C_trimmed_proportional
ShallowConvNet,2,S9,3,0.5817984832069338,0.0061446335238428,0.4978331527627302,0.0,0.0,0.0,16.0,S7+S6,C_trimmed_proportional
ShallowConvNet,2,S10,6,0.8353260869565218,0.1593752444309536,0.6471014492753623,0.0909090909090909,0.0526315789473684,0.3333333333333333,22.0,S8+S3,C_trimmed_proportional
ShallowConvNet,3,S1,65,0.8789958009470205,0.5426328199547211,0.8198516930224248,0.358974358974359,0.2267206477732793,0.8615384615384616,12.0,S8+S4,C_trimmed_proportional
ShallowConvNet,3,S2,43,0.8321525454976428,0.2144423555392967,0.6707050488556454,0.1300309597523219,0.0696517412935323,0.9767441860465116,9.0,S1+S8,C_trimmed_proportional
ShallowConvNet,3,S3,164,0.8047420139555727,0.590171261946977,0.7061327699891172,0.4509090909090909,0.3212435233160621,0.7560975609756098,44.0,S5+S7,C_trimmed_proportional
ShallowConvNet,3,S4,63,0.8723721238205595,0.410983601974619,0.590603101031838,0.2891566265060241,0.6,0.1904761904761904,9.0,S1+S7,C_trimmed_proportional
ShallowConvNet,3,S5,46,0.8637104743083005,0.3184615290850914,0.7946393280632411,0.3017241379310345,0.1881720430107527,0.7608695652173914,9.0,S4+S9,C_trimmed_proportional
ShallowConvNet,3,S6,37,0.8205697260815371,0.2597932631010212,0.7184963366065729,0.3636363636363636,0.2903225806451613,0.4864864864864865,30.0,S7+S3,C_trimmed_proportional
ShallowConvNet,3,S7,238,0.8510846198944694,0.7523986850129156,0.7549467461403165,0.6043613707165109,0.4801980198019802,0.8151260504201681,9.0,S10+S1,C_trimmed_proportional
ShallowConvNet,3,S8,8,0.7715141612200436,0.1290383629546891,0.5950435729847494,0.0615384615384615,0.0350877192982456,0.25,15.0,S4+S7,C_trimmed_proportional
ShallowConvNet,3,S9,3,0.5460455037919827,0.0502464555057216,0.6135789093535572,0.0196078431372549,0.0101010101010101,0.3333333333333333,10.0,S7+S5,C_trimmed_proportional
ShallowConvNet,3,S10,6,0.8784420289855073,0.3496541040658688,0.7375,0.1875,0.1153846153846153,0.5,15.0,S2+S8,C_trimmed_proportional
ShallowConvNet,4,S1,65,0.8997945144286608,0.554379980134576,0.8207272402394354,0.3829787234042553,0.2488479262672811,0.8307692307692308,10.0,S5+S6,C_trimmed_proportional
ShallowConvNet,4,S2,43,0.8558034185783139,0.1847006655389804,0.7194026705996998,0.15,0.081237911025145,0.9767441860465116,11.0,S10+S5,C_trimmed_proportional
ShallowConvNet,4,S3,164,0.8267396453492095,0.6504283167850676,0.6511186863837143,0.384516129032258,0.2438625204582651,0.9085365853658536,9.0,S7+S9,C_trimmed_proportional
ShallowConvNet,4,S4,63,0.9305854439110522,0.6032100557052649,0.7367617576192316,0.5636363636363636,0.6595744680851063,0.492063492063492,9.0,S5+S9,C_trimmed_proportional
ShallowConvNet,4,S5,46,0.8476284584980237,0.3136008372052655,0.7865365612648221,0.3203883495145631,0.20625,0.717391304347826,30.0,S4+S9,C_trimmed_proportional
ShallowConvNet,4,S6,37,0.803362417535646,0.2649567519132842,0.6284011795822819,0.2619047619047619,0.2340425531914893,0.2972972972972973,9.0,S9+S10,C_trimmed_proportional
ShallowConvNet,4,S7,238,0.943375024428376,0.8771469445474275,0.8919288645690835,0.7992633517495396,0.7114754098360656,0.9117647058823528,14.0,S4+S6,C_trimmed_proportional
ShallowConvNet,4,S8,8,0.7796840958605664,0.1816155465654142,0.6217320261437909,0.25,0.25,0.25,13.0,S2+S7,C_trimmed_proportional
ShallowConvNet,4,S9,3,0.6399422174070062,0.0074710544076798,0.4983748645720476,0.0,0.0,0.0,18.0,S1+S4,C_trimmed_proportional
ShallowConvNet,4,S10,6,0.8860507246376811,0.310925665346397,0.6655797101449276,0.4,0.5,0.3333333333333333,10.0,S3+S2,C_trimmed_proportional
ShallowConvNet,42,S1,65,0.8956133297596712,0.5532073699029895,0.8435182703475386,0.4280155642023346,0.2864583333333333,0.8461538461538461,19.0,S9+S3,C_trimmed_proportional
ShallowConvNet,42,S2,43,0.8328373146514262,0.1512602740156171,0.587202718006795,0.105521472392638,0.0556994818652849,1.0,10.0,S1+S3,C_trimmed_proportional
ShallowConvNet,42,S3,164,0.8646293451123488,0.7007218171844029,0.7634834517636515,0.5111940298507462,0.3682795698924731,0.8353658536585366,26.0,S10+S4,C_trimmed_proportional
ShallowConvNet,42,S4,63,0.9168000147142674,0.5497369517959906,0.8793246151299454,0.5346534653465347,0.3884892086330935,0.8571428571428571,13.0,S2+S9,C_trimmed_proportional
ShallowConvNet,42,S5,46,0.8749258893280633,0.3487891744992683,0.8058547430830039,0.3837209302325581,0.2619047619047619,0.717391304347826,27.0,S2+S7,C_trimmed_proportional
ShallowConvNet,42,S6,37,0.8047304897698598,0.2155203241099067,0.7833581613109173,0.2112676056338028,0.1214574898785425,0.8108108108108109,11.0,S9+S3,C_trimmed_proportional
ShallowConvNet,42,S7,238,0.9392710572601134,0.8709916043657028,0.8656072894273988,0.7461669505962522,0.6275071633237822,0.9201680672268908,23.0,S1+S6,C_trimmed_proportional
ShallowConvNet,42,S8,8,0.8107298474945533,0.1336614108277861,0.5619553376906319,0.2,0.5,0.125,15.0,S10+S6,C_trimmed_proportional
ShallowConvNet,42,S9,3,0.590465872156013,0.0090222421934199,0.4880823401950162,0.0,0.0,0.0,29.0,S3+S1,C_trimmed_proportional
ShallowConvNet,42,S10,6,0.8561594202898551,0.3610365782717106,0.661231884057971,0.2222222222222222,0.1666666666666666,0.3333333333333333,23.0,S3+S1,C_trimmed_proportional
CNN-BiLSTM,1,S1,65,0.8794603770213526,0.4717755498204445,0.8131868131868132,0.4201680672268907,0.2890173410404624,0.7692307692307693,31.0,S10+S4,C_trimmed_proportional
CNN-BiLSTM,1,S2,43,0.9003134135742317,0.2590501936342411,0.8181542837578024,0.2429906542056074,0.1402877697841726,0.9069767441860463,18.0,S5+S9,C_trimmed_proportional
CNN-BiLSTM,1,S3,164,0.8880273349977593,0.7261143788816685,0.8067905383778247,0.5829787234042553,0.4477124183006536,0.8353658536585366,32.0,S2+S9,C_trimmed_proportional
CNN-BiLSTM,1,S4,63,0.9094704703047692,0.5391602974442655,0.7693170740679431,0.5211267605633803,0.4683544303797468,0.5873015873015873,14.0,S9+S5,C_trimmed_proportional
CNN-BiLSTM,1,S5,46,0.8631422924901186,0.3867466635566354,0.6963685770750988,0.3883495145631068,0.3508771929824561,0.4347826086956521,31.0,S3+S6,C_trimmed_proportional
CNN-BiLSTM,1,S6,37,0.8433405283798985,0.2831926471245411,0.6847049524214879,0.3571428571428571,0.3191489361702128,0.4054054054054054,29.0,S8+S5,C_trimmed_proportional
CNN-BiLSTM,1,S7,238,0.9456285421145202,0.8554751714415554,0.8874767930427985,0.806949806949807,0.7464285714285714,0.8781512605042017,34.0,S10+S3,C_trimmed_proportional
CNN-BiLSTM,1,S8,8,0.7058823529411765,0.1799277232937821,0.6217320261437909,0.25,0.25,0.25,15.0,S9+S6,C_trimmed_proportional
CNN-BiLSTM,1,S9,3,0.8010111953773926,0.0115414302522352,0.4989165763813651,0.0,0.0,0.0,26.0,S7+S6,C_trimmed_proportional
CNN-BiLSTM,1,S10,6,0.8125,0.1835656951060281,0.5,0.0,0.0,0.0,22.0,S6+S5,C_trimmed_proportional
CNN-BiLSTM,2,S1,65,0.8841240060752256,0.4405113869396688,0.802742785669615,0.4623115577889447,0.3432835820895522,0.7076923076923077,32.0,S6+S3,C_trimmed_proportional
CNN-BiLSTM,2,S2,43,0.864626405752061,0.2094782260102666,0.7788195633279781,0.1941747572815534,0.1084010840108401,0.9302325581395348,17.0,S9+S6,C_trimmed_proportional
CNN-BiLSTM,2,S3,164,0.8894917098777287,0.7219316821887248,0.7828964214838998,0.5330812854442344,0.3863013698630137,0.8597560975609756,20.0,S2+S1,C_trimmed_proportional
CNN-BiLSTM,2,S4,63,0.882635325277272,0.5100114706104336,0.706579116776104,0.4745762711864407,0.509090909090909,0.4444444444444444,23.0,S10+S7,C_trimmed_proportional
CNN-BiLSTM,2,S5,46,0.7410573122529643,0.2952418286119129,0.6059288537549408,0.2716049382716049,0.3142857142857143,0.2391304347826087,12.0,S9+S10,C_trimmed_proportional
CNN-BiLSTM,2,S6,37,0.8095643449974159,0.2574915365873286,0.6576931261970632,0.2616822429906542,0.2,0.3783783783783784,30.0,S7+S4,C_trimmed_proportional
CNN-BiLSTM,2,S7,238,0.934733486417823,0.8316409832677312,0.8834461110025406,0.7882136279926335,0.7016393442622951,0.8991596638655462,18.0,S6+S5,C_trimmed_proportional
CNN-BiLSTM,2,S8,8,0.8792211328976034,0.2793488501334041,0.6217320261437909,0.25,0.25,0.25,29.0,S2+S7,C_trimmed_proportional
CNN-BiLSTM,2,S9,3,0.4304803178042614,0.0036221886562009,0.5,0.0,0.0,0.0,23.0,S7+S6,C_trimmed_proportional
CNN-BiLSTM,2,S10,6,0.7686594202898551,0.1401550491479958,0.5827898550724637,0.25,0.5,0.1666666666666666,16.0,S8+S3,C_trimmed_proportional
CNN-BiLSTM,3,S1,65,0.889877602072724,0.4480204826509571,0.8060841597426963,0.5027932960893855,0.3947368421052631,0.6923076923076923,24.0,S8+S4,C_trimmed_proportional
CNN-BiLSTM,3,S2,43,0.8222760673180752,0.1569120751082923,0.776554557665464,0.1923076923076923,0.1072386058981233,0.9302325581395348,10.0,S1+S8,C_trimmed_proportional
CNN-BiLSTM,3,S3,164,0.8704948466807503,0.7098938008306277,0.7868494334549645,0.6465256797583081,0.6407185628742516,0.6524390243902439,24.0,S5+S7,C_trimmed_proportional
CNN-BiLSTM,3,S4,63,0.8728687303426584,0.5056500288982814,0.7983409663595062,0.5882352941176471,0.547945205479452,0.6349206349206349,40.0,S1+S7,C_trimmed_proportional
CNN-BiLSTM,3,S5,46,0.9284090909090909,0.4500043392364582,0.8246047430830039,0.4748201438848921,0.3548387096774194,0.717391304347826,16.0,S4+S9,C_trimmed_proportional
CNN-BiLSTM,3,S6,37,0.8327607697686437,0.2324826265398053,0.6571306965007753,0.2592592592592592,0.1971830985915492,0.3783783783783784,32.0,S7+S3,C_trimmed_proportional
CNN-BiLSTM,3,S7,238,0.8626942055892124,0.7140318373878595,0.7576216533124878,0.6513761467889908,0.7171717171717171,0.5966386554621849,16.0,S10+S1,C_trimmed_proportional
CNN-BiLSTM,3,S8,8,0.798338779956427,0.2012139386839331,0.6195533769063181,0.2,0.1666666666666666,0.25,24.0,S4+S7,C_trimmed_proportional
CNN-BiLSTM,3,S9,3,0.6793066088840737,0.009839814309225,0.4983748645720476,0.0,0.0,0.0,27.0,S7+S5,C_trimmed_proportional
CNN-BiLSTM,3,S10,6,0.7351449275362318,0.126561617892263,0.4994565217391304,0.0,0.0,0.0,13.0,S2+S8,C_trimmed_proportional
CNN-BiLSTM,4,S1,65,0.8796747967479676,0.3955579140896321,0.7901098901098901,0.4,0.2764705882352941,0.7230769230769231,21.0,S5+S6,C_trimmed_proportional
CNN-BiLSTM,4,S2,43,0.846111301324765,0.1811331985143267,0.7717216676762622,0.1935483870967742,0.1083333333333333,0.9069767441860463,18.0,S10+S5,C_trimmed_proportional
CNN-BiLSTM,4,S3,164,0.8719352154151463,0.7274165444949153,0.8042858971896806,0.6052009456264775,0.4942084942084942,0.7804878048780488,26.0,S7+S9,C_trimmed_proportional
CNN-BiLSTM,4,S4,63,0.9190531368978646,0.5299948889941988,0.7538487005462672,0.4675324675324675,0.3956043956043956,0.5714285714285714,18.0,S5+S9,C_trimmed_proportional
CNN-BiLSTM,4,S5,46,0.8805830039525692,0.3376093208799417,0.7324604743083004,0.4,0.3243243243243243,0.5217391304347826,34.0,S4+S9,C_trimmed_proportional
CNN-BiLSTM,4,S6,37,0.5791201775453744,0.0628209164628654,0.5529747970692853,0.1186440677966101,0.0864197530864197,0.1891891891891892,10.0,S9+S10,C_trimmed_proportional
CNN-BiLSTM,4,S7,238,0.9342327047097908,0.853076503584808,0.8834461110025406,0.7882136279926335,0.7016393442622951,0.8991596638655462,22.0,S4+S6,C_trimmed_proportional
CNN-BiLSTM,4,S8,8,0.9300108932461874,0.1582676948272754,0.6179193899782135,0.1739130434782608,0.1333333333333333,0.25,23.0,S2+S7,C_trimmed_proportional
CNN-BiLSTM,4,S9,3,0.7388949079089924,0.0215560736384134,0.4907908992416034,0.0,0.0,0.0,28.0,S1+S4,C_trimmed_proportional
CNN-BiLSTM,4,S10,6,0.8831521739130435,0.3009450819244788,0.6590579710144927,0.1818181818181818,0.125,0.3333333333333333,32.0,S3+S2,C_trimmed_proportional
CNN-BiLSTM,42,S1,65,0.8933083176985616,0.4917362160548741,0.837139283480747,0.4834123222748815,0.3493150684931507,0.7846153846153846,19.0,S9+S3,C_trimmed_proportional
CNN-BiLSTM,42,S2,43,0.8659169322341911,0.2388970908953571,0.7654929021043483,0.1884057971014492,0.105121293800539,0.9069767441860463,33.0,S1+S3,C_trimmed_proportional
CNN-BiLSTM,42,S3,164,0.90145477242174,0.7380342616360939,0.8031656103962614,0.5963302752293578,0.4779411764705882,0.7926829268292683,20.0,S10+S4,C_trimmed_proportional
CNN-BiLSTM,42,S4,63,0.9275506262760028,0.5491937628552839,0.7956740054074932,0.4941176470588235,0.3925233644859813,0.6666666666666666,19.0,S2+S9,C_trimmed_proportional
CNN-BiLSTM,42,S5,46,0.9205533596837944,0.4689599000148748,0.8527420948616601,0.4352941176470588,0.2983870967741935,0.8043478260869565,26.0,S2+S7,C_trimmed_proportional
CNN-BiLSTM,42,S6,37,0.8398747453865565,0.2691559312681384,0.7354148299030189,0.2916666666666667,0.1962616822429906,0.5675675675675675,22.0,S9+S3,C_trimmed_proportional
CNN-BiLSTM,42,S7,238,0.9426055305843268,0.8513361123125059,0.8830369357045144,0.7954545454545454,0.7241379310344828,0.8823529411764706,33.0,S1+S6,C_trimmed_proportional
CNN-BiLSTM,42,S8,8,0.8931100217864925,0.3412924117707254,0.6184640522875817,0.1818181818181818,0.1428571428571428,0.25,19.0,S10+S6,C_trimmed_proportional
CNN-BiLSTM,42,S9,3,0.8497652582159625,0.0145398811325559,0.4940411700975081,0.0,0.0,0.0,35.0,S3+S1,C_trimmed_proportional
CNN-BiLSTM,42,S10,6,0.9396739130434782,0.1855429292929292,0.8246376811594203,0.3076923076923077,0.2,0.6666666666666666,29.0,S3+S1,C_trimmed_proportional
CNN,1,S1,65,0.9097829000268024,0.4396247750979113,0.6558742070937194,0.4,0.4888888888888889,0.3384615384615385,12.0,S10+S4,C_trimmed_proportional
CNN,1,S2,43,0.8054202112249467,0.1140092859615177,0.5905738892254208,0.1595092024539877,0.1083333333333333,0.3023255813953488,15.0,S5+S9,C_trimmed_proportional
CNN,1,S3,164,0.8413033736636579,0.6067006972655237,0.7794315344728251,0.5714285714285714,0.4638783269961977,0.7439024390243902,33.0,S2+S9,C_trimmed_proportional
CNN,1,S4,63,0.8620537438613916,0.2996683985380686,0.5,0.0,0.0,0.0,9.0,S9+S5,C_trimmed_proportional
CNN,1,S5,46,0.8850049407114624,0.3364399656115038,0.5807065217391305,0.2461538461538461,0.4210526315789473,0.1739130434782608,15.0,S3+S6,C_trimmed_proportional
CNN,1,S6,37,0.7645091660839692,0.0892108717245477,0.498875140607424,0.0,0.0,0.0,9.0,S8+S5,C_trimmed_proportional
CNN,1,S7,238,0.9016818936877076,0.6988322726084326,0.8425530095759234,0.7529880478087649,0.7159090909090909,0.7941176470588235,16.0,S10+S3,C_trimmed_proportional
CNN,1,S8,8,0.8371459694989107,0.0502100035511068,0.5,0.0,0.0,0.0,18.0,S9+S6,C_trimmed_proportional
CNN,1,S9,3,0.92018779342723,0.038618587531631,0.4989165763813651,0.0,0.0,0.0,29.0,S7+S6,C_trimmed_proportional
CNN,1,S10,6,0.9193840579710144,0.1437790269858525,0.5,0.0,0.0,0.0,22.0,S6+S5,C_trimmed_proportional
CNN,2,S1,65,0.8911462521218618,0.4702645282463213,0.7223443223443223,0.463768115942029,0.4383561643835616,0.4923076923076923,13.0,S6+S3,C_trimmed_proportional
CNN,2,S2,43,0.8010482235507914,0.1157660660332078,0.7639785087834812,0.2200647249190938,0.1278195488721804,0.7906976744186046,20.0,S9+S6,C_trimmed_proportional
CNN,2,S3,164,0.8394709045515651,0.6490754157171531,0.7682046603930606,0.581151832460733,0.5091743119266054,0.676829268292683,32.0,S2+S1,C_trimmed_proportional
CNN,2,S4,63,0.8933031690853244,0.404438356995481,0.5220714009821773,0.0869565217391304,0.5,0.0476190476190476,11.0,S10+S7,C_trimmed_proportional
CNN,2,S5,46,0.8729743083003952,0.3306288985853953,0.5,0.0,0.0,0.0,9.0,S9+S10,C_trimmed_proportional
CNN,2,S6,37,0.7858510929377072,0.1404185202995861,0.5720974067430761,0.1666666666666666,0.1489361702127659,0.1891891891891892,16.0,S7+S4,C_trimmed_proportional
CNN,2,S7,238,0.9218597322649992,0.7713929645479907,0.8599276920070353,0.769825918762089,0.7132616487455197,0.8361344537815126,18.0,S6+S5,C_trimmed_proportional
CNN,2,S8,8,0.767020697167756,0.0364063725934594,0.4983660130718954,0.0,0.0,0.0,22.0,S2+S7,C_trimmed_proportional
CNN,2,S9,3,0.7161430119176597,0.0090256534196068,0.4983748645720476,0.0,0.0,0.0,15.0,S7+S6,C_trimmed_proportional
CNN,2,S10,6,0.9304347826086956,0.1046295680044377,0.5,0.0,0.0,0.0,13.0,S8+S3,C_trimmed_proportional
CNN,3,S1,65,0.8883587956758688,0.4047996909360988,0.5503618332886625,0.1794871794871795,0.5384615384615384,0.1076923076923077,14.0,S8+S4,C_trimmed_proportional
CNN,3,S2,43,0.8128473228159814,0.1418437748207036,0.74185519766125,0.2098360655737705,0.1221374045801526,0.7441860465116279,32.0,S1+S8,C_trimmed_proportional
CNN,3,S3,164,0.8280919915498368,0.6686493546689575,0.714030791882722,0.584,0.8488372093023255,0.4451219512195122,14.0,S5+S7,C_trimmed_proportional
CNN,3,S4,63,0.9082933289190532,0.407900891795352,0.65681730397837,0.4158415841584158,0.5526315789473685,0.3333333333333333,25.0,S1+S7,C_trimmed_proportional
CNN,3,S5,46,0.8590662055335969,0.3077637057145014,0.5537796442687747,0.1923076923076923,0.8333333333333334,0.108695652173913,14.0,S4+S9,C_trimmed_proportional
CNN,3,S6,37,0.7591584835679324,0.1727354712150722,0.6030614416441188,0.2278481012658227,0.2142857142857142,0.2432432432432432,17.0,S7+S3,C_trimmed_proportional
CNN,3,S7,238,0.9182260113347664,0.7527502150694074,0.7977757963650576,0.7133182844243793,0.7707317073170732,0.6638655462184874,12.0,S10+S1,C_trimmed_proportional
CNN,3,S8,8,0.8380991285403051,0.0429961367235003,0.5,0.0,0.0,0.0,17.0,S4+S7,C_trimmed_proportional
CNN,3,S9,3,0.8721560130010834,0.0458585858585858,0.4989165763813651,0.0,0.0,0.0,15.0,S7+S5,C_trimmed_proportional
CNN,3,S10,6,0.8032608695652174,0.1192706159622525,0.5,0.0,0.0,0.0,20.0,S2+S8,C_trimmed_proportional
CNN,4,S1,65,0.8828196194049852,0.3425248575481632,0.5,0.0,0.0,0.0,9.0,S5+S6,C_trimmed_proportional
CNN,4,S2,43,0.7799257288840897,0.1025997820404006,0.5003028786641734,0.03125,0.0476190476190476,0.0232558139534883,9.0,S10+S5,C_trimmed_proportional
CNN,4,S3,164,0.7803917802957557,0.6204928995962571,0.6931134370398822,0.5403225806451613,0.7976190476190477,0.4085365853658536,9.0,S7+S9,C_trimmed_proportional
CNN,4,S4,63,0.9044860122496275,0.3958652442406931,0.5305872831944674,0.1159420289855072,0.6666666666666666,0.0634920634920634,12.0,S5+S9,C_trimmed_proportional
CNN,4,S5,46,0.8924407114624506,0.3362869428701034,0.5526432806324111,0.1851851851851851,0.625,0.108695652173913,13.0,S4+S9,C_trimmed_proportional
CNN,4,S6,37,0.7710455112029915,0.1118959016851835,0.499437570303712,0.0,0.0,0.0,9.0,S9+S10,C_trimmed_proportional
CNN,4,S7,238,0.9124303791283954,0.7499097381493861,0.8456187707641196,0.763265306122449,0.7420634920634921,0.7857142857142857,17.0,S4+S6,C_trimmed_proportional
CNN,4,S8,8,0.8413671023965141,0.052449631933923,0.4994553376906318,0.0,0.0,0.0,17.0,S2+S7,C_trimmed_proportional
CNN,4,S9,3,0.7327555074033947,0.0481243926141885,0.4989165763813651,0.0,0.0,0.0,27.0,S1+S4,C_trimmed_proportional
CNN,4,S10,6,0.7043478260869565,0.0553300836639459,0.5,0.0,0.0,0.0,31.0,S3+S2,C_trimmed_proportional
CNN,42,S1,65,0.8683820244795856,0.3745354480543814,0.5278656303046547,0.1081081081081081,0.4444444444444444,0.0615384615384615,19.0,S9+S3,C_trimmed_proportional
CNN,42,S2,43,0.7989675788142959,0.1122828980011188,0.6802391424583212,0.209090909090909,0.1299435028248587,0.5348837209302325,11.0,S1+S3,C_trimmed_proportional
CNN,42,S3,164,0.8362140708021254,0.663876850493663,0.7146469496191025,0.5714285714285714,0.7450980392156863,0.4634146341463415,13.0,S10+S4,C_trimmed_proportional
CNN,42,S4,63,0.8733285511964539,0.3147110595837385,0.5939046147620887,0.2826086956521739,0.4482758620689655,0.2063492063492063,14.0,S2+S9,C_trimmed_proportional
CNN,42,S5,46,0.876951581027668,0.322378936129978,0.6150938735177865,0.2823529411764706,0.3076923076923077,0.2608695652173913,16.0,S2+S7,C_trimmed_proportional
CNN,42,S6,37,0.7311282035691484,0.1365377539573496,0.5473048976985985,0.1509433962264151,0.25,0.1081081081081081,13.0,S9+S3,C_trimmed_proportional
CNN,42,S7,238,0.9261835548172758,0.7770652416304598,0.8670607777994919,0.7487179487179487,0.6311239193083573,0.9201680672268908,15.0,S1+S6,C_trimmed_proportional
CNN,42,S8,8,0.8639705882352942,0.1311265691290729,0.5,0.0,0.0,0.0,16.0,S10+S6,C_trimmed_proportional
CNN,42,S9,3,0.8728782954135067,0.0604278716258869,0.4989165763813651,0.0,0.0,0.0,19.0,S3+S1,C_trimmed_proportional
CNN,42,S10,6,0.9422101449275362,0.1076328843570222,0.5,0.0,0.0,0.0,12.0,S3+S1,C_trimmed_proportional
